input,metadata
https://raw.githubusercontent.com/mogith-pn/Assests/refs/heads/main/testing_data/images/85201976.png,"['NAME', 'ADDRESS', 'CITY', 'STATE', 'ZIP', 'AGE', '1.', '2.', '3.', 'SMOKING', '85201976', 'Marden', '-', 'Kane,', 'Inc.', 'TRUE', '""YOU', 'FOUND', 'IT""', 'SWEEPSTAKES', 'SECOND', 'PRIZE', 'WINNER', 'TRAVEL', 'INFORMATION', 'SHEET', 'THE', 'DESTINATION', 'IN', 'THE', 'CONTINENTAL', 'UNITED', 'STATES', 'I', 'WISH', 'TO', 'TRAVEL', 'TO', 'IS:', 'HOME', 'PHONE', 'BUSINESS', 'PHONE', 'NAME', 'OF', 'GUEST', 'RELATIONSHIP', 'TO', 'WINNER', 'PLEASE', 'LIST', 'THREE', 'ALTERNATIVE', 'DATES', 'YOU', 'WOULD', 'LIKE', 'TO', 'TRAVEL', 'MAJOR', 'AIRPORT', 'NEAREST', 'YOUR', 'HOME', 'AIRLINE:', '(CHECK', 'ONE)', 'NON-', 'SMOKING', 'SPECIAL', 'DIETARY', 'REQUIREMENTS', 'ANY', 'ADDITIONAL', 'INFORMATION', 'YOU', 'WOULD', 'LIKE', 'TO', 'PROVIDE']"
https://raw.githubusercontent.com/mogith-pn/Assests/refs/heads/main/testing_data/images/91814768_91814769.png,"['November', '3,', '1992', 'Massachusetts', 'ballot', '*Note:', '19', '92', 'Address', '', 'Date', 'Purpose', '91814768', '☑', 'Final', '', '', '', '""CORRECTED', 'FORM""', 'The', 'Commonwealth', 'of', 'Massachusetts', 'OFFICE', 'OF', 'CAMPAIGN', 'AND', 'POLITICAL', 'FINANCE', 'Office', 'Use', 'Only', 'Form', 'CPF', '22', '(formerly', 'CPF', '10)', 'REPORT', 'OF', 'CORPORATE', 'TREASURER', 'File', 'with:', 'Director,', 'Office', 'of', 'Campaign', '&', 'Political', 'Finance', 'One', 'Ashburton', 'Place,', 'Boston,', 'MA', '02108', '☐', '60th', 'Day', 'Prior', 'to', 'Election', '☐', '5th', 'Day', 'of', 'the', 'Month', '☐', '20th', 'Day', 'of', 'the', 'Month', '(CHECK', 'ONE)', 'Please', 'Print', 'or', 'Type,', 'except', 'Signatures.', '1.', 'Name', 'of', 'Treasurer', '2.', 'Name', 'of', 'Corporation', '3.', 'Address', 'of', 'Corporation', 'M.', 'Alfred', 'Peterson;', 'Assistant', 'Treasurer', 'Peter', 'J.', 'Marzullo', 'Lorillard', 'Tobacco', 'Company', 'One', 'Park', 'Avenue', 'New', 'York.', 'NY', '10016', '-5895', '4.', 'Question', 'No.', '1', 'relating', 'to', 'Tobacco', 'Excise', 'Tax', 'Increase', '(Describe', 'question', 'briefly)', 'submitted', 'to', 'the', 'voters', 'on', '(Election', 'Date)', 'on', 'the', '(Name', 'of', 'City/', 'Town', 'of', 'State)*', 'If', 'this', 'expenditure', 'is', 'made', 'to', 'influence', 'a', 'local', 'ballot', 'question,', 'a', 'copy', 'of', 'this', 'form', 'should', 'be', 'filed', 'with', 'the', 'city', 'or', 'town', 'clerk', 'or', 'election', 'commission.', 'Fil', 'in', 'Dates:', 'Reporting', 'Period', 'Beginning', 'October', '16,', 'and', 'Ending', 'November', '5.', '1992', 'contribution', 'I', 'certify', 'that', 'this', 'report', 'is', 'a', 'true', 'statement', 'of', 'the', 'amount', 'of', 'value', 'of', 'gift,', 'payment,', 'expenditure', 'or', 'or', 'whom', 'promise', 'to', 'give,', 'pay,,', 'expend', 'or', 'contribute,', 'together', 'with', 'the', 'date,', 'purpose,', 'and', 'full', 'name', 'and', 'address', 'of', 'the', 'person', 'to', 'Mass.', 'Laws,', 'Section,', 'as', 'amended.', 'It', 'was', 'made.', 'I', 'make', 'this', 'General', 'report', 'in', 'accordance', 'with', 'the', 'requirements', 'of', 'Chapter,', 'Signed under', 'the', 'penalties', 'of', 'perjury.', '', 'Preasurer', 'Senato', 'March', '30,', '1993', 'Assistant', 'Treasurer', 'Date', 'Paid', 'To', 'Whom', 'Paid', '(Alphabetical', 'Listing', 'Mandatory)', 'EXPENDITURES', 'OR', 'DISBURSEMENTS', 'Amount', 'or', 'Value**', '10/', '26/', '92', '10/', '30/', '92', 'Committee', 'Against', 'Unfair', 'Taxes', 'Committee', 'Against', 'Unfair', 'Taxes', 'P.', 'O.', 'B03', '5979', 'Boston,', 'MA', '0212', 'P.', 'O.', 'Box', '5979.', 'Boston,', 'MA', '02114', 'Oppose', 'Tax', 'Increase', 'Oppose', 'Tax', 'increas', '28,', '482.', '00', '19,', '503', '00', '**In-', 'kind', 'contributions', 'should', 'be', 'included', 'here.', 'Attach', 'additional', 'pages', 'if', 'necessary.', 'REPORTING', 'REQUIREMENTS', 'CONTINUED ON', 'REVERSE', 'SIDE', 'Total', 'Expenditures', 'or', 'Disbursements', 'on', 'This', 'Report', 'Total', 'Expenditures', 'for', 'Disbursements', 'Previously', 'Reported', 'Total', 'Expenditures', 'or', 'Disbursements', 'to', 'Date', '48,', '585', '00', '508.', '789', '00', '556', '874.', '00']"
https://raw.githubusercontent.com/mogith-pn/Assests/refs/heads/main/testing_data/images/83772145.png,"['NO.', '1796', 'P.', '#:', 'TIME:', 'TO:', 'FROM:', 'DATE:', '392', '', 'OPERATOR:', '', 'Jack', 'CONFIDENTIALITY', 'NOTICE', '83772145', 'JAN', '31.', '1997', '11:', '48', 'AM', 'FAX', 'COVER', 'LAW', 'OFFICES', 'SHOOK', 'HARDY', '&', 'BACON', 'L.', 'L.', 'P.', '1/', '3', 'FAX', 'COVER', 'One', 'Kansas', 'City', 'Place', '1200', 'Main', 'Street', 'Kansas', 'City', 'Missouri', '64105-', '2118', 'Telephone', '(816)', '474', '6550', 'Facsimile', '(816)', '421-', '5547', 'JACK', 'REILLY', 'TELECOPY', 'NO:', '212/', '545-', '3297', 'LORI', '45048', 'ORIGINAL', 'DOCUMENT', 'WILL', 'FOLLOW', 'VIA', 'FEDERAL', 'EXPRESS', 'Pages', 'transmitted', 'including', 'cover', 'sheet:', 'SHB', 'Client', 'Matter', 'No:', 'JANUARY', '31,', '1997', 'JIM', 'DALEY', 'If', 'you', 'experience', 'any', 'problems,', 'please', 'call', 'extension', '21000', 'Per', 'your', 'request,', 'attached', 'is', 'a', 'memo', 'regarding', 'the', 'process', 'of', 'labeling', 'reviewed', 'diskettes', 'for', 'the', 'purpose', 'of', 'later', 'identification', 'Please', 'call', 'me', 'if', 'you', 'have', 'any', 'questions', '', 'regret', 'I', 'cannot', 'join', 'you', 'and', 'the', 'electronic', 'document', 'collection', 'team', 'for', 'lunch', 'today.', 'I', 'hope', 'you', 'agree', 'they', 'have', 'done', 'an', 'outstanding', 'job!', 'I', 'look', 'forward', 'to', 'seeing', 'you', 'on', 'February', '5', 'for', 'the', 'Legal', 'Edge', 'presentation.', 'Best', 'Regards,', 'Jim', 'Daley', 'The', 'documents', 'accompanying', 'this', '', 'transmission', 'contain', 'confidential', 'information', 'belonging', 'to', 'the ', 'sender', '', '', 'Legally', 'privileged', 'The', 'information', 'is', 'intented', 'only', 'for', 'the', '', '', '', 'Individual', '', 'or', 'entity', '', 'named', 'above', '', 'pol', 'pre', '', '', 'intended', 'recipen', 'you', '', 'heret', 'notified', 'that', '', '', 'copying', 'distribuar', '', 'dhe', '', '', '', 'crion', '', 'Islance', '', '', 'content', 'or', '', 'lecoled', 'normation', '', 'och', '', 'If', 'you', 'have', 'received', 'this', 'telecopy', 'in', 'error, ', 'please', 'immediately', 'notify', 'us', 'by', 'telephone', 'to', 'arrange', 'for', 'return', 'of', 'the', 'origin', 'documents', 'to', 'us.', 'COMMENTS/', 'MESSAGE:', 'Special', 'Instructions:']"
https://raw.githubusercontent.com/mogith-pn/Assests/refs/heads/main/testing_data/images/85240939.png,"['NAME:', 'TITLE:', 'COMPANY:', 'ADDRESS:', 'PHONE:', 'Lorillard', '', 'SHERATON-', 'CARLTON', 'HOTEL', 'WASHINGTON,', 'D.', 'C.', 'THE', 'TOBACCO', 'INSTITUTE', 'FIFTH', 'ANNUAL', 'COLLEGE', '', 'TOBACCO', 'KNOWLEDGE', 'REGISTRATION', 'FORM', 'FEBRUARY', '19-21', '1980', 'GEORGE', 'R.', 'TELFORD', 'Brand', 'Manager', '666', 'Fifth', 'Avenue,', 'New', 'York,', 'NY', '10019', '(212)', '841-', '8787', 'CHECK', 'ONE:', 'Please', 'reserve', 'a', 'room', 'for', 'me', 'at', 'the', 'Sheraton-', 'Carlton', 'X', 'I', 'will', '', 'my', 'own', 'housing', 'arrangements.', 'ARRIVAL', 'DATE', 'AND', 'TIME:', '2/18/80', '7:00', 'P.', 'M.', 'DEPARTURE', 'DATE', 'AND', 'TIME:', '2/21/80', '4:00', 'P.', 'M.', 'Please', 'attach', 'a', 'brief', '(50', 'words', 'or', 'so)', 'autobiographical', 'sketch.', 'Note', 'your', 'first', 'name', 'or', 'nickname,', 'your', 'current', 'professional', 're-', 'sponsibilities,', 'employment', 'background', 'and', 'whatever', 'personal', 'in-', 'formation', 'you', 'feel', 'would', 'be', 'helpful', 'in', 'giving', 'your', 'fellow', 'students', 'an', 'idea', 'of', 'your', 'activities', 'and', 'interests.', 'The', 'sketches', 'will', 'be', 'assembled', 'and', 'provided', 'at', 'the', 'opening', 'class', 'session.', 'Any', 'questions?', 'Call', 'Connie', 'Drath', 'or', 'Carol', 'Musgrave', 'at', '800/424-', '9876.', '**PLEASE', 'RETURN', 'IN', 'SELF-', 'ADDRESSED', 'ENVELOPE', 'BY', 'FRIDAY,', 'JANUARY', '18,', '1980**']"
https://raw.githubusercontent.com/mogith-pn/Assests/refs/heads/main/testing_data/images/87332450.png,"['Name:', 'First', 'Title', 'Middle', 'Last', 'Institution:', 'Street', 'City', 'State', 'ZIP Code', 'Country', 'Telephone:', 'TOTAL', 'DATE', 'TIME', 'Arrival:', 'Departure:', 'CARRIER', '87332450', 'Telephone:', 'FAX:', 'Address:', '47th', 'TCRC', 'REGISTRATION', 'FORM', 'Please', 'type', 'or', 'print', 'FAX', '#:', 'P.O. Box#', 'Name', 'of', 'guest:', 'Continental', 'Breakfast', 'on', 'Tuesday', 'Fall', 'Foliage', 'Tour', 'on', 'Tuesday', 'Breakfast', 'on', 'Wednesday', 'Craftsman', 'Village', 'Tour', '', 'Wednesday', 'Advance', 'Registration', 'Fee:', '(prior', 'to', 'September', '1)', 'after', 'September', '', 'Late', 'Registration', 'Fee', '$135', '00', '$150', '00', '$', '30.', '00', 'Ground', 'Transportation', '(round', 'trip)', 'Extra', 'banquet', 'tickets', 'tickets', '$40.', '00', 'Please', 'complete', 'this', 'portion', 'if', 'you', 'need', 'transportation', 'from', 'and', 'to', 'the', 'Knoxville', 'Airport.', 'No.', 'in', 'Party:', 'FLIGHT', '#', 'Send', 'this', 'registration', 'form,', 'along', 'with', 'payment', 'to', 'the', 'address', 'noted', 'below.', 'Enclose', 'a', 'check', 'or', 'international', 'money', 'order', 'payable', 'in', 'U.', 'S.', 'funds', 'to', 'the', 'University', 'of', 'Tennessee', '-', '47th', 'TCRC', 'Mail', 'to:', 'Dr.', 'Phil', 'P.', 'Hunter', 'U.', 'T.', 'Tobacco', 'Experiment', 'Station', 'Route', '5', 'Box', '113', 'Greeneville,', 'TN', '37743', '(615)', ')', '638-', '5532', '(615)', ')', '638-', '6458']"
https://raw.githubusercontent.com/mogith-pn/Assests/refs/heads/main/testing_data/images/86220490.png,"['To:', 'Firm:', 'FAX', '#:', 'From:', 'Date:', 'MSA', 'Autodial', 'Mike,', '', '8622042', 'LORILLARD', 'TOBACCO', 'COMPANY', 'Market', 'Planning', 'and', 'Information', 'Department', 'Mike', 'Mozina', 'Susan', 'Smith', '335-', '7733', '335-', '7150', 'FAX', '#:', 'Phone', '#:', '8/', '31/', '98', '3', '(including', 'this', 'cover', 'page)', '#', 'Pages:', '-', 'Approval', 'for', 'AWS', 'Quarterly', 'Store', 'Count', 'Database', 'to', 'begin', '3rd', 'Quarter', '1998', '-', 'Table', 'showing', 'significant', 'jump', 'in', 'Convenience', 'Store', 'market', 'importance', 'in', '2nd', 'Quarter', '1998', 'Talk', 'to', 'you', 'soon!', 'As', 'promised,', 'here', 'are:']"
https://raw.githubusercontent.com/mogith-pn/Assests/refs/heads/main/testing_data/images/87428306.png,"['pH', 'SOLUBILITY', '', 'ORAL', 'A221', 'SIGNATURE', 'CENTER', 'RESEARCH', 'LORILLARD', '87428306', 'DATE', 'COMPOUND', 'PHYSICAL', 'PARAMETERS', 'LRC', 'FILE', 'NUMBER', 'LOT', 'NUMBER', 'PHYSICAL', 'STATE', 'A', 'crystalline', 'solid', 'at', 'room', 'temperature', 'which', 'melts', 'at', '>', '56', 'C.', 'The', 'pH', 'of', 'a', '50', '%', 'concentration', 'of', 'A221', 'in', 'water', 'was', 'theoretically', 'calculated', 'to', 'be', '7.26', 'at', '22', 'C', 'from', 'a', '0.5', '%', 'solution', 'in', '79.5', '%', 'aqueous', 'dioxane', 'according', 'to', 'the', 'extrapolation', 'procedures', 'of', 'Dr.', 'P.', 'D.', 'Schickedantz,', 'Lozillard', 'Accession', 'Number', '1662.', 'Referenced', '45-', '10-', '1.', 'SPECIFIC', 'GRAVITY', 'Not', 'Determined.', 'MUTAGENICITY', 'SOLVENTS', 'A221', 'is', 'soluble', '', 'EtOH', 'at', '0.2', 'g/', 'ml,', 'with', 'stirring,', 'at', 'room', 'temperature.', 'Reference', 'BC30-', '88.', 'A221', 'forms', 'a', 'solution', 'in', 'corn', 'oil', 'at', '0.5', 'g/', '0.5', 'mL,', 'with', 'stirring', 'at', 'room', 'temperature.', 'Reference', 'BC30-', '8888.', 'A221', 'forms', 'a', 'solution', 'in', 'corn', 'oil', 'at', '0.5', 'g/', '0.5', 'mL,', 'with', 'stirring', 'at', 'room', 'temperature.', 'Reference', 'BC30-', '88.', 'ACUTE', 'CARDIOVASCULAR', 'A221', 'is', 'insoluble', 'for', 'this', 'procedure.', 'Reference', 'BC30-', '38', 'STORAGE', 'RECOMMENDATIONS', 'Refrigerate', 'in', 'an', 'amber', 'glass', 'bottle', 'at', 'no', 'more', 'than', '8', 'C.', 'COMPOUND', 'SENSITIVE', 'TO', '☐', 'AIR', '☐', 'HEAT', '☐', 'MOISTURE', '☐', 'OTHER', 'SAFETY', 'COMMENTS', '(SUGGESTED', 'HANDLING', 'PROCEDURE:', '', '', '', 'A', '-', '13', '', '', '', '', 'FORM', '', '']"
https://raw.githubusercontent.com/mogith-pn/Assests/refs/heads/main/testing_data/images/83823750.png,"['', '001', 'Date', 'To', '2', 'Company', 'Sender', 'Reference', 'Message:', '83823750', 'Confidentiality', 'Note:', '/97', 'TUE', '18:', '39', 'FAX', '212', '5578', 'DPW', '30', '-59', 'DAVIS', 'POLK', '&', 'WARDWELL', 'Fax', 'Transmittal', '450', 'Lexington', 'Avenue', 'New', 'York', 'NY', '10017', '212-', '450', '4000', 'Robert', 'H.', 'Shaw,', 'Esq.', 'November', '11,', '1997', 'Lorillard', 'Tobacco', 'Company', 'Fax', 'Number', 'Voice', 'Number', '910', '-335-', '7077', '910', '-335-', '7720', 'Number', 'of', 'Pages', '(this', 'page', 'included)', 'Charles', 'Duggan', 'Sender', 'Voice', 'Number', 'Main', 'Fax', 'Operator', 'Voice', 'Number', '212', '-450-', '4785', 'Sender', 'Fax', 'Number', '212', '-450', '-5578', '17560', '-188', 'This', 'facsimile', '', 'intended', 'only', '', 'the', 'person', 'or', 'entity', 'to', 'which', 'it', 'is', 'addressed', 'and', 'may', 'contain', 'information', 'that is', 'privileged,', 'confidential', 'or', 'otherwise', 'protected', 'from', 'disclosure', '', 'distribution', 'or', 'copying', 'of', 'this', 'facsimile', 'or', 'the', 'information', 'herein', 'by', 'anyone', 'other', 'than', 'the', 'intended', 'recipient,', 'or', 'an', 'employee', 'or', 'agent', 'responsible', 'for', 'delivering', 'the', 'message', 'to', 'the', 'intended', 'recipient', 'is', 'prohibited.', 'If', 'you', 'love', 'received', 'the', 'facsimile', 'in', 'error,', 'please', 'notify', 'us', 'immediately', 'by', 'telephone', 'and', 'return', 'the', 'facsimile', 'by', 'mail.']"
https://raw.githubusercontent.com/mogith-pn/Assests/refs/heads/main/testing_data/images/82504862.png,"['COURT:', 'Asbestos', 'JUDGE:', 'CASE', 'FORM', 'CASE', 'NAME:', 'LORILLARD', 'ENTITIES', 'DATE', 'FILED', 'DATE', 'SERVED', 'CASE', 'TYPE:', ""PLAINTIEE'S"", 'COUNSEL:', 'LORILLARD', 'COUNSEL:', 'TRIAL', 'DATE:', '82504862', '946225115', 'Wartnick', 'Chaber,', 'Harowitz,', 'Smith&', 'Tigerman', 'StephenM.', 'Tigerman', '101', 'California', 'Street', 'Suite', '2200', 'San', 'Francisco', 'California', '94111', '', '', 'August', '3,', '1998', 'Lorillard', 'Tobacco', 'Company', 'San', 'Francisco', 'Superior', 'Court-', 'No.', '996382', 'Donald', 'D.', 'Sellers', 'and', 'Robin', 'J.', 'Sellers', 'v.', 'Raybestos', 'Manhattan', 'et', 'al.']"
https://raw.githubusercontent.com/mogith-pn/Assests/refs/heads/main/testing_data/images/82573104.png,"['82573104', '', 'Date:', 'To:', 'From:', 'Room:', 'MESSAGE:', 'COVINGTON', '&', 'BURLING', 'xc:', 'RB5', '12-', '9-', '99', '', '', 'RECEIVED', 'DEC', '-9', '1999', 'R', 'B.', 'SPELL', '1201', 'Pennsylvania', 'Avenue,', 'N', 'W.', 'P.', 'O.', 'Box', '7566', 'Washington', 'D.', 'C.', '20044-', '7566', '(202)', '662-', '6000', 'Fax', 'Numbers', '(202)', '662', '6291', 'or', '(202)', '737', '0528', 'Fax', 'Operator', '(202)', '662-', '6280', 'THIS', 'FACSIMILE', 'TRANSMISSION', '', 'INTENDED', 'ONLY', 'FOR', 'THE', 'ADDRESSEE', 'SHOWN', 'BELOW', 'LIT', 'MAY', 'CONTAIN', 'INFORMATION', 'THAT', 'IS', 'PRIVILEGED', 'CONFIDENTIAL', 'OR', 'OTHERWISE', 'PROTECTED', 'FROM', 'DISCLOSURE', 'ANY', 'REVIEW', 'DISSEMINATION', 'OR', 'USE', 'OF', 'THIS', 'TRANSMISSION', 'OR', 'ITS', 'CONTENTS', 'BY', 'PERSONS', 'OTHER', 'THAN', 'THE', 'ADDRESSEE', 'IS', 'STRICTLY', 'PROHIBITED', '', 'YOU', 'HAVE', 'RECEIVED', 'THIS', 'TRANSMISSION', '', 'ERROR', 'PLEASE', 'NOTIFY', 'US', 'IMMEDIATELY', 'AND', 'MAIL', 'THE', 'ORIGINALI', 'TO', 'AT', 'THE', 'ABOVE', 'ADDRESS', 'December', '9,', '1999', 'Haney', 'H.', 'Bell,', 'Esq.', 'David', 'H.', 'Remes', '(202)', '778', '5212', '-', 'direct', 'fax', '803E', '//', 'Pages', '(including', 'cover)', '', '', '', '', '', '', '', '', '']"
https://raw.githubusercontent.com/mogith-pn/Assests/refs/heads/main/testing_data/images/83641919_1921.png,"['31', '1818', '22', '15', '24', '19', '15', '209', '32', '151/15', '81/9', '138/9', '140/13', '117/9', '118/8', '166/15', '115/13', '163/11', 'DISTRIBUTION', 'DIVISION:', 'REGION:', 'FULL', 'Flint', 'X', 'FULL', 'PARTIAL', 'PARTIAL', '13', '12', '13', 'X', '196/13', '16', 'TO:', 'FROM:', 'SUBJECT:', 'GEOGRAPHY', 'X', '142', '237', '102', '39', '184', '32', '40', '31', 'Emra', 'Walmart', '83641919', 'S.', 'P.', 'ZOLOT', 'R.', 'W.', 'RICHARDSON', 'OCT', '05', 'SUBMISSION', 'DATE', 'DEC', '21', 'NOV', '16', 'OLD', 'GOLD-', 'LIGHT', 'BOX', ""100'S"", 'PROGRESS', 'REPORT', '(ONLY', 'IF', 'PARTIAL', 'REGION,', 'CONTINUE', 'WITH', 'DIVISION(S)', 'SCOPE)', 'DIVISION', 'NAME:', 'DIVISION', 'NAME:', 'DIVISION', 'NAME:', 'Detroit', 'North', 'Detroit', 'East', 'Grand', 'Rapids', 'DIVISION', 'NAME:', 'DIVISION', 'NAME:', 'DIVISION', 'NAME:', 'Detroit', 'South', 'Detroit', 'West', '#', 'REPS:', '#', 'REPS:', '#', 'REPS:', 'Direct', 'Accounts', 'and', 'Chains', 'Headquartered', 'within', 'the', 'Region', '(15+', 'Stores)', 'Stocking', 'No', 'Old', 'Gold', 'Light', 'Box', ""100's"", 'Name', 'of', 'Account', 'Ind/Lor', 'Volume', 'Number', 'of', 'Stores', 'Name', 'of', 'Account', 'Ind/Lor', 'Volume', 'Number', 'of', 'Stores', 'Quality', 'Dairy', 'Bay', 'Stations', 'Schmuckal', 'Dil', 'Wilson', 'Oil', 'Quik', 'Stop', 'Forwards', 'Phil', 'Flint', 'Arbor', 'Rx', 'Imperial', 'Oil', 'Speedy', 'Q', 'Direct', 'Accounts', 'and', 'Chains', 'Headquartered', 'Outside', 'the', 'Region.', '(15+', 'Stores)', 'Stocking', 'No', 'Old', 'Gold', 'Light', 'Box', ""100's"", 'Name', 'of', 'Account', 'Ind/Lor', 'Volume', 'Number', 'of', 'Stores', 'Name', 'of', 'Account', 'Ind/Lor', 'Volume', 'Number', 'of', 'Stores', 'Clark', 'Gas', '7-', 'Eleven', 'Southland', 'Ultra', 'Diamond', 'Dairy', 'Mart', 'Mobil', 'Oil', 'ACA', 'Amoco', '', '', '', 'GOD', '', '', '', 'Page', '1', 'of', '3']"
https://raw.githubusercontent.com/mogith-pn/Assests/refs/heads/main/testing_data/images/83594639.png,"['Date:', 'To:', 'Company:', 'From:', '3', 'Lorillard', '83594639', '☑001', '89/', '22/', '97', 'MON', '15:', '35', 'FAX', '12124554900', 'ROPER', 'STARCH', 'WORLDWIDE', 'ROPER', 'STARCH', 'TURNING', 'DATA', 'INTO', 'INTELLIGENCE', 'WORLDWIDE', 'Fax', 'Fax', 'Fax', 'Fax', 'Fax', 'Fax', 'Fax', 'Fax', 'Fax', 'Ron', 'Milstein', '(910)', '335', '7707', 'Pages', '(Including', 'cover', 'page):', '""JJ""', 'Klein', 'Fax', 'Number:', 'Roper', 'Starch', 'Worldwide', 'nc', '205', 'East', '42nd', 'Street', 'New', 'York', 'NY', '0017', '212', '599', '0700', '', '212', '887', '7008', 'Fax', 'Roper', 'Marketing', 'and', 'Public', 'Option', 'Research', 'Search', 'Advertising', 'and', 'Media', 'Research', 'Frederen', 'Marketing', 'Services', 'INRA', 'World', 'Headquarters', 'September', '22,', '1997']"
https://raw.githubusercontent.com/mogith-pn/Assests/refs/heads/main/testing_data/images/85629964.png,"['YEAR:', 'OVERWRAP:', 'NICOTINE:', 'TAR:', '85629964', 'CIGARETTE', 'REPORT', 'FORM', 'BRAND', 'NAME:', 'NO.', 'PER', 'PACK', 'VAR.', 'DESC:', '(SEE', 'EXPLANATION)', 'VARIETY', 'UNIT', 'SALES:', 'VARIETY', 'DOLLAR', 'SALES:', 'CIG.', 'LENGTH:', 'FILTER', 'LENGTH:', 'FILTER', 'TYPE:', 'FLAVORING:', 'PACK', 'TYPE:', 'LAST', 'SOLD', 'DATE:', 'IST', 'MANUFACT.', 'DATE:', 'YEARLY', 'SUMMARY:', 'IST', 'SALES', 'DATE:', 'CARBON', 'MONO:', 'ADVERTISING', 'EXPENDITURES', '(SEE', 'EXPLANATION)', 'CAT-', 'A-', 'EXPENSES:', 'CAT-', 'D-', 'EXPENSES:', 'CAT-', 'G-', 'EXPENSES:', 'CAT-', 'J-', 'EXPENSES:', 'CAT-', 'M-', 'EXPENSES:', 'TOTAL', 'ADVERTISING', 'EXPENDITURES:', 'CAT-', 'B-', 'EXPENSES:', 'CAT-', 'E-', 'EXPENSES:', 'CAT-', 'H-', 'EXPENSES:', 'CAT-', 'K-', 'EXPENSES:', 'CAT-', 'N-', 'EXPENSES:', 'CAT-', 'C-', 'EXPENSES:', 'CAT-', 'F-', 'EXPENSES:', 'CAT-', 'I-', 'EXPENSES:', 'CAT-', 'L-', 'EXPENSES:']"
https://raw.githubusercontent.com/mogith-pn/Assests/refs/heads/main/testing_data/images/87086073.png,"['', 'DATE', 'STRUCTURE', 'COMMENTS', 'J.', 'D.', 'Engle', 'R.', 'F.', 'Dufresne', 'Vanitrope', 'III', 'B134', '', '', '87086073', 'DECISION', 'TREE', 'ESTIMATION', 'OF', 'TOXIC', 'RISK', 'J.', 'D.', 'Ergle', 'and', 'R.', 'F.', 'Dufresne', 'August', '14,', '1990', 'COMPOUND', 'NAME', 'CH3CH2O', '', 'OH', 'ESTIMATED', 'TOXICITY', 'CLASS', 'LORILLARO', 'COMPOUND', 'CODE', 'NUMBER', 'This', 'ethoxy', 'substitued', 'aromatic', 'falls', 'into', 'class', 'III.', 'Research', 'Chemist', 'Research', 'Chemist', 'LORILLARD', 'RESEARCH', 'CENTER', 'FORM', '']"
https://raw.githubusercontent.com/mogith-pn/Assests/refs/heads/main/testing_data/images/83573282.png,"['Date:', 'From:', 'Re:', 'COMMENTS:', 'Recipient(s):', 'Company:', '83573282', 'Urgent!', 'Deliver', 'Immediately', '04/', '14/', '99', '18:', '36', 'FAX', '206', '623', '0594', 'HAGENS', 'BERMAN', 'HAGENS', 'BERMAN', 'Attorney', '', 'Law', 'WA', 'Fee', 'Pay', '', '', '', 'Agree', 'XC:', 'JAW', '1301', 'FIFTH', 'AVENUE,', 'SUITE', '2900', 'SEATTLE,', 'WA', '98101', 'TELEPHONE', '(206)', '623', '7293', 'FACSIMILE', '(206)', '623-', '0594', 'FACSIMILE', 'COVER', 'SHEET', 'January', '14,', '1999', 'No.', 'of', 'Pages', '37', '(including', 'this', 'page)', '1129.', '01', 'File', 'No.:', 'Tobacco', '-', 'Fee', 'Payment', 'Agreement', 'and', 'Release', 'Steve', 'W.', 'Berman', 'Phone', 'No.:', 'Fax', 'No.:', '(212)', '403-', '2000', '(212)', '450-', '4800', '(917)', '663-', '5399', '(502)', '568-', '7297', '(336)', '335-', '7707', '(336)', '741-', '2998', '(312)', '861-', '2200', '(312)', '861-', '2000', '(212)', '450-', '4000', '(212)', '403-', '1000', 'Wachtell,', 'Lipton,', 'Rosen', '&', 'Katz', 'Davis,', 'Polk', '&', 'Wardwell', 'Philip', 'Morris', 'Inc.', 'Brown', '&', 'Williamson', 'Tobacco', 'Corp.', 'Lorillard', 'Tobacco', 'Co.', 'R.', 'J.', 'Reynolds', 'Tobacco', 'Co', 'Kirkland', '&', 'Ellis', 'Mr.', 'Stephen', 'R.', 'Patton', 'Mr.', 'Charles', 'A.', 'Blixt', 'Mr.', 'Ronald', 'Milstein', 'Mr.', 'F.', 'Anthony', 'Burke', 'Mr.', 'Martin', 'Barrington', 'Mr.', 'Arthur', 'F.', 'Golden', 'Mr.', 'Meyer', 'G.', 'Koplow', 'Please', 'call', 'the', 'Support', 'Center', 'at', '(206)', '268-', '9312', 'or', 'at', 'ext', 'if', 'you', 'do', 'not', 'receive', 'all', 'of', 'these', 'pages', 'or', 'if', 'there', 'is', 'a', 'problem.', 'The', 'information', 'contained', 'in', 'this', 'facsimile', 'is', 'confidential', 'and', 'may', 'also', 'be', 'attorney', 'privileged.', 'The', 'information', 'is', 'intended', 'only', 'for', 'the', 'use', 'of', 'the', 'individual', 'or', 'entity', 'to', 'whom', 'it', 'is', 'addressed.', 'If', 'you', 'are', 'not', 'the', 'intended', 'recipient,', 'or', 'the', 'employee', 'or', 'agent', 'responsible', 'for', 'delivering', 'it', 'to', 'the', 'intented', 'recipient,', 'you', 'are', 'hereby', 'notified', '', 'any', 'use,', 'dissemination,', 'distribution', 'or', 'copying', 'of', 'this', 'communication', 'is', 'strictly', 'prohibited.', 'If', 'you', 'have', 'received', 'this', 'facsimile', 'in', 'error,', 'please', 'immcdiately', 'notify', 'us', 'by', 'a', 'collect', '', 'call', 'to', '(206)', '623-', '7292,', 'and', 'return', 'the', 'original', 'message', 'to', 'us', 'at', 'the', 'address', 'above', 'via', 'the', 'US', 'Postal', 'Service.', 'Thank', 'you.', 'A', 'PROFESSIONAL', 'SERVICE', 'CORPORATION']"
https://raw.githubusercontent.com/mogith-pn/Assests/refs/heads/main/testing_data/images/86328049_8050.png,"['TO:', 'Name:', 'Name:', 'Name:', 'Name:', 'Name:', 'Name:', 'Name:', 'Name:', 'Name:', 'Name:', 'Name:', 'Name:', 'Name:', '4', 'Yes', 'No', '☑', 'Name:', 'Name:', 'Name:', 'Name:', '1426', '86328049', 'Feb-24-99', '10:53', 'From-', 'UNTON', 'WILL', 'T-122', 'P.01/04', 'F-066', 'TELECOPY', 'INFORMATION', 'HUNTON', '&', 'WILLIAMS', 'Riverfront', 'Plaza', '951', 'East', 'Byrd', 'Street', 'Richmond,', 'Virginia', '23219', '-4074', '(804)788-8200', '2nd', 'Floor', 'Telecopier', 'Telecopier', 'Nos.', '(804)', '788-', '8218', '(804)', '788-', '8219', '(804)', '788-', '8669', 'FAX', 'NO:', 'FAX', 'NO:', 'FAX', 'NO.:', 'FAX', 'NO.:', 'FAX', 'NOc.:', 'FAX', 'NOv', 'FAX', 'NOv', 'FAX', 'NOv', 'FAX', 'NOv', 'FAX', 'NOv', 'FAX', 'NOv', 'FAX', 'NOv', 'FAX', 'NOv', 'FAX', 'NOv', 'FAX', 'NOv', 'FAX', 'NOv', 'FAX', 'NO.:', 'Pages', '(Including', 'Cover)', 'Original', 'to', 'follow', 'in', 'mail:', 'Ken', 'Forrest', '212-', '403-', '2211', 'Tom', 'Frederick', '312-', '558-', '5700', 'Tom', 'Griffin', '617-', '523-', '1231', 'Ever', 'Hurwitz', '202-', '342-', '5999', 'Barry', 'Levin/', 'Curl', 'Caton', '415-', '772-', '6268', 'Barbara', 'Robbins', '212-', '403-', '2033', 'Greg', 'Stone/Ron', 'Olson', '213-', '687-', '3702', 'Bill', 'Allinder/Jeff', 'Nelson', '816-', '421-', '2708', 'Steve', 'Krigbaum', '917-', '663-', '5593', 'Tom', 'Stoever', '303-', '832-', '0428', 'Judy', 'Bernstein-', 'Gaeta', '202-', '942-', '5999', 'Dal', 'Burton', '404-', '581-', '8330', 'Andy', 'McGaan', '312-', '861-', '2200', 'James', 'Wilson', '336-', '335-', '7707', 'Eric', 'Sarner/', 'Doug', 'Flemming/', 'Peter', 'Mckenna', '212-', '735-', '2000', 'Thomas', 'McKim', '336-', '741-', '0671', 'D.', 'Scott', 'Wise', '212-', '450-', '4800']"
https://raw.githubusercontent.com/mogith-pn/Assests/refs/heads/main/testing_data/images/87147607.png,"['VENDOR', 'TERMS', 'CODE', 'DESCRIPTION', 'QUANTITY', 'DEPARTMENT', 'USE', 'ONLY', 'NC', 'DATE', 'Prev.', 'UNIT', 'PRICE', '4111', '8700', '87147607', 'FOR', 'PURCHASING', '☐', 'PURCHASING', '☐', 'STATIONARY', 'PURCHASE', 'REQUISITION', 'PLEASE', 'INCLUDE', 'ONLY', 'ONE', 'TYPE', 'OF', 'MATERIAL', 'ON', 'THIS', 'REQUISITION', 'P.', 'O.', '1534', '', '', 'LT-1979', 'April', '19,', '1988', 'Piedmont', 'Research', 'Laboratory', '2748', 'Patterson', 'Ave.,', 'Greensboro,', 'ORDER', 'NO', 'or', 'Recommended', 'Supplier', 'Lorillard', 'Research', 'Center', 'N.', 'A.', 'Thaggard', 'As', 'required', 'DATE', 'WANTED', 'SHIP', 'TO', '(DEPT', 'BRANCH)', '27407', 'NET', '15', 'F.', 'O.', 'B.', 'N/A', 'VIA', 'N/A', '420', 'English', 'St.,', 'Greensboro,', 'NC', '27405', 'This', 'is', 'your', 'authorization', 'to', 'prepare', 'cigarette', 'smoke', 'condensate', 'according', 'to', 'the', 'protocol', '""Standard', 'Operating', 'Procedure', 'for', 'the', 'Preparation', 'of', 'Smoke', 'Condensate', 'for', 'Mouse', 'Skin', 'Bioassay,""', 'for', 'the', 'period', 'April', '1,', '1988', 'through', 'December', '31,', '1988.', 'Condensate', 'will', 'be', 'prepared', 'acording', 'to', 'a', 'time', 'schedule', 'provided', 'by', 'Lorillard.', 'The', 'fixed', 'price', 'for', 'condensate', 'collection', 'will', 'be', 'at', 'a', 'rate', 'of', '$1,', '750/10,', '000', 'cigarettes', 'smoked.', 'Piedmont', 'will', 'pay', 'the', 'cost', 'of', 'consumable', 'supplies.', 'This', 'work', 'is', 'to', 'be', 'conducted', 'in', 'accordance', 'with', 'the', 'December', '10,', '1984', 'formal', 'agreement', 'between', 'Piedmont', 'Reseach', 'Laboratories', 'and', 'Lorillard.', 'All', 'work', 'is', 'to', 'be', 'coordinated', 'with', 'our', 'Mr.', 'Neil', 'Thaggard', '(919)', '373-6628', 'FOLLOW', 'UP', 'DATE', 'BUDGET', 'NO.', 'REQUISITION', 'NO.', 'ISSUED', 'BY', 'APPROVED', 'BY', '', '', '', 'DEPT.', 'NO.', 'ACCT.', 'NO.']"
https://raw.githubusercontent.com/mogith-pn/Assests/refs/heads/main/testing_data/images/86230203_0206.png,"['', 'TO:', 'FROM:', 'SUBJECT:', 'X', 'GEOGRAPHY', 'REGION:', 'DIVISION:', 'FULL', 'PARTIAL', 'x', 'FULL', 'PARTIAL', 'DISTRIBUTION', 'Seyle', 'Dantzlen', 'Econ', '180', '130', '20', '19', '18', '18', '17', '16', 'K&B', 'Delchamps', 'Litco', '85', '39', '36', '36', '23', '23', '22', '86230203', 'Page 1 of 4', 'MAVPROG', '11-Dec-96', '12/12/96', '08:33', '204', '7348616', 'LORILLARD', 'TOB', '', 'NYO', '1', '', '0001/', '004', 'K.', 'A.', 'Sparrow', 'F.', 'Strickland', 'MAVERICK', 'SPECIALS-', 'PROGRESS', 'REPORT', 'SUBMISSION', 'DATE', 'DEC', '13', 'JAN', '25', 'FEB', '24', 'APR', '4', '(ONLY', 'IF', 'PARTIAL', 'REGION', 'CONTINUE', 'WITH', 'DIVISION(S)', 'SCOPE)', 'DIVISION', 'NAME:', 'DIVISION', 'NAME:', 'DIVISION', 'NAME:', '#', 'REPS', '#', 'REPS', '#', 'REPS', 'DIVISION:', '', 'DIVISION', 'NAME:', 'DIVISION', 'NAME:', 'DIRECT', 'ACCOUNTS', 'AND', 'CHAINS', 'HEADQUARTERED', 'WITHIN', 'THE', 'REGION', '(15+', 'STORES)', 'STOCKING', 'NO', 'MAVERICK', 'SPECIALS', 'NAME', 'OF', 'ACCOUNT', 'NO.', 'OF', 'STORES', 'NAME', 'OF', 'ACCOUNT', 'NO', 'OF', 'STORES', 'Winn', 'Dixie', 'Schwegmann', 'Aurry', 'Greer', 'Double', '', 'Huber', 'Oil', 'Morris', 'Corp', 'Bayou', 'Foods', 'Compac', 'Foods', 'Southeast', 'Foods']"
https://raw.githubusercontent.com/mogith-pn/Assests/refs/heads/main/testing_data/images/82837252.png,"['DATE:', 'TIME:', 'MRA', 'MANUFACTURER:', 'cc:', '82837252', 'NEW', 'COMPETITIVE', 'PRODUCTS', 'REPORTED', 'BY:', 'BOBBY', 'MILLS,', 'REGIONAL', 'SALES', 'MGR.,', 'INDIANAPOLIS,', 'IN', '8/', '10/', '90', 'SOURCE', 'OF', 'INFORMATION:', 'HALL', 'RODECAP,', 'NOBLESVILLE,', 'IN', 'B', '&', 'W', 'VICEROY', 'KING', 'BOX', 'AND', 'VICEROY', 'LIGHTS', 'KING', 'BOX', 'BRAND', 'NAME:', 'TYPE', 'OF', 'PRODUCT:', 'SIZE', 'OR', 'SIZES:', 'LIST', 'PRICE:', 'EXTENT', 'OF', 'DISTRIBUTION:', 'SEE', 'ATTACHED', 'INFORMATION', 'SHEET', 'OTHER', 'INFORMATION:', 'G.', 'Telford', 'F.', 'J.', 'Schultz', 'A.', 'W.', 'Spears', 'N.', 'P.', 'Ruffalo', 'T.', '', 'Achey', 'P.', 'J.', 'McCann', 'A.', 'J.', 'Giacolo', 'J.', 'J.', 'Tatulli', 'L.', 'H.', 'Kersh', 'J.', 'R.', 'Slater', 'S.', 'T.', 'Jones', 'R', 'S.', 'Goldbrenner', 'E.', 'R.', 'Harrow', 'A.', 'H.', 'Tisch', 'R.', 'H.', 'Orcutt', 'M.', 'A.', 'Peterson', 'T.', 'H.', 'Mau', 'L.', 'Gordon', 'J.', 'P.', 'Mastandrea']"
https://raw.githubusercontent.com/mogith-pn/Assests/refs/heads/main/testing_data/images/82253362_3364.png,"['TO:', 'FROM:', 'SUBJECT:', '☑', 'GEOGRAPHY', 'REGION:', 'FULL', 'X', 'DIVISION:', 'FULL', 'PARTIAL', 'PARTIAL', 'DISTRIBUTION', '20', '15', '29', '44', '17', '34', '15', '20', '22', '27', '15', '37', 'Chevron', 'Exxon', ""Walgreen's"", '?', '?', '?', '?', '?', '?', '?', '115', '38', '217', '38', '27', '70', '177', '82253362', 'MAVPROGO', 'K.', 'A.', 'Sparrow', 'SUBMISSION', 'DATE', 'MAY', '19', '☐', 'JUN', '30', '☐', 'AUG', '11', '☐', 'SEP', '22', 'J.', 'L.', 'McGinnis', 'MAVERICK', 'SPECIALS', 'MENTHOL', '-', 'PROGRESS', 'REPORT', '(ONLY', 'IF', 'PARTIAL', 'REGION', 'CONTINUE', 'WITH', 'DIVISION', '(S)', 'SCOPE)', 'DIVISION', 'NAME:', 'DIVISION', 'NAME:', 'DIVISION', 'NAME:', 'DIVISION', 'NAME:', 'DIVISION', 'NAME:', 'DIVISION', 'NAME:', '#', 'REPS', '#', 'REPS', '#', 'REPS', 'DIRECT', 'ACCOUNTS', 'AND', 'CHAINS', 'HEADQUARTERED', 'WITHIN', 'THE', 'REGION', '(15+', 'STORES)', 'STOCKING', 'NO', 'MAVERICK', 'SPECIALS', 'MENTHOL', 'NAME', 'OF', 'ACCOUNT', 'IND/', 'LOR', 'VOLUME', 'NO.', 'OF', 'STORES', 'NAME', 'OF', 'ACCOUNT', 'IND/', 'LOR', 'VOLUME', 'NO.', 'OF', 'STORES', 'Sac', 'N', 'Pac', 'ACO', 'Texaco', 'Lone', 'Star', '75/', '2', '95/', '3', '76/', '3', '26/', '2', '42/', '2', '106', '/4', '62/', '2', '78/', '4', '319/', '16', '65/', '3', '69/', '3', '80/', '4', 'Shopper', 'Mart', 'Neal', 'One', 'Stop', 'Mini', 'Mart', ""Albertson's"", '-Houston', 'Valley', 'Shamrock', 'Get', '', 'Go', 'Speedy', 'Stop', 'Western', 'Beverage', 'Don', '&', 'Bens', 'DIRECT', 'ACCOUNTS', 'AND', 'CHAINS', 'HEADQUARTERED', 'OUTSIDE', 'THE', 'REGION', '(15+', 'STORES)', 'STOCKING', 'NO', 'MAVERICK', 'SPECIALS', 'MENTHOL', 'NAME', 'OF', 'ACCOUNT', 'IND/', 'LOR', 'VOLUME', 'NO.', 'OF', 'STORES', 'NAME', 'OF', 'ACCOUNTS', 'IND/', 'LOR', 'VOLUME', 'NO.', 'OF', 'STORES', 'Brookshire', ""Bro's"", 'Eckerd', 'Drugs', '', 'S.', 'Texas', ""Philip's"", '66', 'Star', 'Enterprise', 'Page', '1', 'of', '3', 'Pages']"
https://raw.githubusercontent.com/mogith-pn/Assests/refs/heads/main/testing_data/images/82200067_0069.png,"['TO:', 'FROM:', 'x', 'SUBJECT:', '', '', 'DIVISION:', 'DIVISION:', 'DIVISION:', 'DIVISION:', '', 'REGION:', 'DIVISION:', 'DIVISION:', 'DIVISION:', '225', '27', '15', '31', '18', '19', '20', '82200067', '09/', '17/', '97', '10:', '55', '', '603', '841', '1898', 'LORILLARD', 'PTLD', '☑', '001', 'K.', 'A.', 'Sparrow', 'T.', 'D.', 'Blachly', 'OLD', 'GOLD', 'MENTHOL', 'LIGHTS', '&', 'ULTRA', 'LIGHTS', ""100'S"", '', 'PROGRESS', 'REPORT', 'AUG', '4', 'SEP', '15', 'MAY', '12', 'JUN', '23', '(ONLY', 'IF', 'PARTIAL', 'REGION', 'CONTINUE', 'WITH', 'DIVISION', '(S)', 'SCOPE)', 'Portland', '#', 'REPS:', '6', 'Boise', '#', 'REPS:', '2.', '5', 'Eugene', '#', 'REPS:', '5', 'Seattle', 'South', '#', 'REPS:', '7', 'Seattle', 'North', '#', 'REPS:', '4', 'Helena', '#', 'REPS:', '4', 'DIRECT', 'ACCOUNTS', 'AND', 'CHAINS', 'HEADQUARTERED', 'WITHIN', 'THE', 'REGION', '(15', '+', 'STORES)', 'STOCKING', 'NO', 'OLD', 'GOLD', 'MENTHOL', 'LIGHTS', 'OR', 'ULTRA', 'LIGHTS', ""100'S"", 'NAME', 'OF', 'ACCOUNT', '', 'VOLUME', 'NO.', 'OF', 'STORES', 'NAME', 'OF', 'ACCOUNT', '', 'VOLUME', 'NO.', 'OF', 'STORES', 'Texaco', '', 'Seattle', 'Texaco', '', 'Portland', 'Maid', '-O', 'Clover', 'Dari', 'Mart', 'Zip', 'Trip', 'Maverick', 'Astro', 'Gas', '105', '/', '5', '61', '/', '3', '20', '/', '2', '125', '/', '5', '106', '/', '4', '77', '/', '1', '600', '/', '7', '', '', '', '', '', 'Page', '1', 'of', '3', 'Pages']"
https://raw.githubusercontent.com/mogith-pn/Assests/refs/heads/main/testing_data/images/82491256.png,"['COURT:', 'JUDGE:', 'Asbestos', 'CASE', 'FORM', 'CASE', 'NAME:', 'LORILLARD', 'ENTITIES:', 'DATE', 'FILED:', 'DATE', 'SERVED:', 'CASE', 'TYPE:', 'PLAINTIFF', 'COUNSEL:', 'LORILLARD', 'COUNSEL:', 'TRIAL', 'DATE:', 'Wartnick,', 'Chaber,', 'Harowitz,', 'Smith', '&', 'Tigerman', 'Madelyn J.', 'Chaber', '101', 'California', 'Street,', 'Suite', '2200', 'San', 'Francisco,', 'California', '94111', '415', '986-', '5566', 'August', '3,', '1998', 'July', '23,', '1998', 'Lorillard', 'Tobacco', 'Company', 'San', 'Francisco', 'Superior', 'Court', '-', 'No.', '996378', 'Wanda', 'G.', 'Robinson', 'and', 'Carroll', 'Robinson', 'v', 'Raybestos-', 'Manhattan,', 'et', 'al.', '82491256', '94624999']"
https://raw.githubusercontent.com/mogith-pn/Assests/refs/heads/main/testing_data/images/86075409_5410.png,"['From:', 'To:', 'CC:', '', 'Circulation(#)', '', '', '', '', '', '', '', '', '', '', '', '', '', '86075409', 'Tiers', 'II,', '&', 'IV', 'Lynnette', 'Stevens', 'Kelli', 'Scruggs', 'Vincent', 'Losito', 'George', 'Baroody', 'S.', 'Tesh', 'C.', 'Hill', 'Don', 'Kisling', 'Brand(s)', 'Applicable', 'Media', 'Type', 'Media', 'Name', 'Issue', 'Frequency/', 'Year', '*Space/', 'Color', 'Coupon', 'Issue', 'Date', 'Coupon', 'Expiration', 'Date', 'Geographical', 'Area(s)', 'Coupon', 'Value', 'Pack', 'and/', 'or', 'Carton?', 'Advertising', 'Creative', 'Title.', 'Signature', 'of', 'Initiator', 'Date', 'Initiated', 'Analytical', 'Requirements', 'Newport', 'Parent,', 'Lights.', '&', ""120's"", 'Direct', 'Mail', 'Competitive', '21-', '34', 'years', '4/', '14/', '00', '9', '/30', '00', 'APPROX', '600.', '000', 'AR.', 'AZ.A', 'K', 'CA', 'CO', 'FL', 'ID', 'IA.', 'CT,', 'ME,', 'MASS,', 'MN,', 'MT,', 'NE,', 'NV,', 'NM,', 'NY', 'ND,', 'DK,', 'OR,', 'RL,', 'SD,', '', 'WA,', 'DC,', 'WY', '$1.', '50', 'OFF', 'PACK', '', '21-', 'Jan', '00', 'FOR', 'CONTROL', 'USE', 'ONLY', 'Code', 'Assigned', 'Job', 'Number', 'Est.', 'Redemption', '05787', '13%', '*', 'Where', 'Applicable']"
https://raw.githubusercontent.com/mogith-pn/Assests/refs/heads/main/testing_data/images/85540866.png,"['(Name)', '(Date)', '(Position)', '(Name)', '85540866', 'MEDIA', 'CONTACT', 'SHEET', '(Publication', 'or', 'station)', 'Reason', 'for', 'Contact', 'Questions/', 'Responses', 'Additional', 'Comments', 'Inquiry', 'handled', 'by:', '(Location', 'address)', '(Phone', 'number)']"
https://raw.githubusercontent.com/mogith-pn/Assests/refs/heads/main/testing_data/images/87528380.png,"['10675', 'PROPOSAL', 'FOR', 'DATE', 'TO', 'ADDRESS', 'CITY', 'STATE', 'Attn:', 'ITEM:', 'MATERIAL:', 'ALUMINUM', 'SIZE:', 'GAUGE', 'COLORS:', 'HOLES:', 'YES', 'EMBOSSED', 'SQUARE', 'CORNERS:', 'EDGES:', 'PACKING:', 'OTHER:', '☑', 'Aluminum', '☑', '4', '☑', '☑', '☑', 'Tooling:', 'QUANTITIES:', 'PRICE:', 'BILLING:', 'WAREHOUSING:', '☑', '☑', '87528380', '', 'CONDITIONS:', '4050', '', 'TOTAL', '8650', '', 'S', '☑', '10', 'STOUT', 'INDUSTRIES,', 'INC.', '6425', 'W.', 'FLORISSANT', 'AVE.', 'ST.', 'LOUIS', 'MO', '63136', '.', '(314)', '385-', '2280', 'Lorillard', 'Corporation', '666', 'Fifth', 'Avenue', 'New', 'York', 'New', 'York', '10103', 'Metal', '""Pack""', 'Plaque', 'October', '16,', '1987', 'Mr.', 'A.', 'D.', 'Steinberg', 'YOUR', 'REPRESENTATIVE', 'It', 'is', 'our', 'pleasure', 'to', 'propose', 'the', 'following:', 'Mr.', 'Robert', 'Kennedy', 'Harley', 'Davidson', 'Metal', 'Plaque', '171/4', 'x', '231/2', '""', '.025""', '', 'STEEL', '☐', 'OTHER', '☐', 'Transparent', 'gold,', 'opaque', 'black,', 'white', 'and', 'orange', 'BASE', 'COLOR', 'SINGLE', 'FACE', 'DOUBLE', 'FACE', '☐', 'NO', '☐', 'NUMBER', 'OF', 'ROUND', '☐', 'ANGLE', '☐', 'CUT', 'TO', 'SHAPE', '☐', 'HEMMED', '☐', 'STAMP', 'FRAME', 'BEADED', 'BORDER', '☐', 'BACK', 'FRAME', '☐', 'RIGHT', 'ANGLE', 'BEND', '☐', 'CURLED', '☐', 'PER', 'CARTON', 'PER', 'CRATE', 'PER', 'BUNDLE', 'Price', 'is', 'based', 'on', 'reproduction', 'of', 'customer', 'supplied', '""Pack""', 'box.', 'Form', 'die,', 'brass', 'emboss', 'die', 'to', 'achieve', 'detail', 'on', 'eagle.', '500', 'Plaques', '$', '9.18', 'each', 'One', 'time', 'tooling', 'Steel', 'tips', '@', '$', '3,015.00', '$', '1,045.00', 'BILL', 'AS', 'MANUFACTURE', '☐', 'BILL', 'AS', 'SHIP', 'FOR.', '☐', '6', 'MOS.', '☐', '12', 'MOS', 'SHIP', 'IMMEDIATELY', '☐', '6', 'MOS.', 'WHSE.', '☐', '12', 'MOS.', 'WHSE', 'PER', 'SHIPMENT', 'DROP', 'SHIPPING:', 'TERMS', '-', 'NET', '10', 'DAYS', 'A', 'service', 'charge', 'of', '11/2', '', 'per', 'month', 'will', 'be', 'applied', 'to', 'all', 'unpaid', 'balances', 'over', '30', 'days.', '', '', '', '', '', '', '', '', '', '', '', '', 'STOUT', 'INDUSTRIES', 'INC,', 'A', '15', 'service', 'charge', 'will', 'be', 'added', 'to', 'reight', 'costs', 'for', 'all', 'prepaid', 'shipments', 'involving', '5', 'or', 'more', 'pieces.', 'PRICES', 'QUOTED', 'HEREIN', 'ARE', 'BASED', 'ON', 'CURRENT', 'COSTS', 'AND', 'ARE', 'FOR', 'IMMEDIATE', 'ACCEPTANCE', '*These', 'prices', 'will', 'be', 'updated', 'periodically', 'from', 'date', 'of', 'order,', 'to', 'reflect', 'changes', 'in', 'material', 'and', 'labor', 'costs.', 'Prices', 'and', 'terms', 'quoted', 'herein', 'are', 'not', 'subject', 'to', 'verbal', 'changes', 'unless', 'confirmed', 'in', 'writing', 'by', 'the', 'home', 'office', 'of', 'this', 'company', 'in', 'S.', 'T.', 'LOUIS', 'M.', 'O.', 'All', 'contracts', 'for', 'delivers', 'are', 'contingent', 'upon', 'fires,', 'strikes', 'or', 'other', 'causes', 'beyond', 'our', 'control.', 'Purchaser', 'agrees', 'to', 'accept', 'overun', 'or', 'underrun', 'to', 'the', 'extent', 'of', '10%', 'of', 'the', 'quantity', 'ordered.', 'Any', 'taxes', 'or', 'governmental', 'changes', 'which', 'the', 'seller', 'may', 'be', 'required', 'to', 'pay', 'or', 'collect', 'upon', 'the', 'production', 'sale', 'storage,', 'or', 'delivery', 'under', 'any', 'existing', 'or', 'future', 'law', 'shall', 'be', 'for', 'the', 'account', 'of', 'the', 'buyer', 'who', 'shall', 'promptly', 'pay', 'the', 'amount', 'hereof', 'to', 'the', 'seller', 'upon', 'F.', 'O.', 'B.', 'S.', 'T.', 'LOUIS', 'MISSOURI', 'Shipments', 'via', 'truck', 'shipped', 'freight', 'collect.']"
https://raw.githubusercontent.com/mogith-pn/Assests/refs/heads/main/testing_data/images/82092117.png,"['', 'TO:', 'DATE:', '3', 'Fax:', 'NOTE:', '82092117', '614', '-466', '-5087', 'Dec', '10', ""'98"", '17', ':46', 'P.', '01', 'ATT.', 'GEN.', 'ADMIN.', 'OFFICE', 'Attorney', 'General', 'Betty', 'D.', 'Montgomery', 'CONFIDENTIAL', 'FACSIMILE', 'TRANSMISSION', 'COVER', 'SHEET', '(614)', '466-', '5087', 'FAX', 'NO.', 'George', 'Baroody', '(336)', '335-', '7392', 'FAX', 'NUMBER:', 'PHONE', 'NUMBER:', '(336)', '335-', '7363', 'NUMBER', 'OF', 'PAGES', 'INCLUDING', 'COVER', 'SHEET:', 'June', 'Flynn', 'for', 'Eric', 'Brown/', '(614)', '466-', '8980', 'SENDER', '/PHONE', 'NUMBER:', 'SPECIAL', 'INSTRUCTIONS:', 'IF', 'YOU', 'DO', 'NOT', 'RECEIVE', 'ANY', 'OF', 'THE', 'PAGES', 'PROPERLY,', 'PLEASE', 'CONTACT', 'SENDER', 'AS', 'SOON', 'AS', 'POSSIBLE', 'THIS', 'MESSAGE', 'IS', 'INTENDED', 'ONLY', 'FOR', 'THE', 'USE', 'OF', 'THE', 'INDIVIDUAL', 'OR', 'ENTITY', 'TO', 'WHOM', 'IT', 'IS', 'ADDRESSED', 'AND', 'MAY', 'CONTAIN', 'INFORMATION', 'THAT', 'IS', 'PRIVILEGED.', 'CONFIDENTIAL,', 'AND', 'EXEMPT', 'FROM', 'DISCLOSURE', 'UNDER', 'APPLICABLE', 'LAW.', 'If', 'the', 'reader', 'of', 'this', 'message', 'is', 'not', 'the', 'intended', 'recipient', 'of', 'the', 'employee', 'or', 'agent', 'responsible', 'for', 'delivering', 'the', 'message', 'to', 'the', 'intended', 'recipient,', 'you', 'are', 'hereby', 'notified', 'that', 'any', 'dissemination,', 'distribution,', 'copying,', 'or', 'conveying', 'of', 'this', 'communication', 'in', 'any', 'manner', 'is', 'strictly', 'prohibited.', 'If', 'you', 'have', 'received', 'this', 'comunication', 'in', 'error,', 'please', 'notify', 'us', 'immediately', 'by', 'telephone', 'and', 'return', 'the', 'original', 'message', 'to', 'us', 'at', 'the', 'address', 'below', 'via', 'the', 'U.', 'S.', 'Postal', 'Service.', 'Thank', 'you', 'for', 'your', 'cooperation.', 'State', 'Office', 'Tower', '/', '30', 'East', 'Broad', 'Street/', 'Columbus,', 'Ohio', '43215', '-3428', 'www', 'ag', 'state', 'oh', 'us', 'An', 'Equal', 'Opportunity', 'Employer', '', 'Primed', 'an', '', '', '12', '/10', '/98']"
https://raw.githubusercontent.com/mogith-pn/Assests/refs/heads/main/testing_data/images/83996357.png,"['TO:', 'FROM:', 'CC:', 'PACK/CARTON', 'REQUIREMENTS', 'PACK', 'JOB#', '07809', '594', '14%', '30165', '83996357', 'COUPON', 'CODE', 'REGISTRATION', 'FORM', 'KELLI', 'SCRUGGS', 'LEONARD', 'JONES', 'V.', 'LOSITO', 'M.', 'TAHMASEB', 'G.', 'BAROODY', 'L.', 'STEVENS', 'B.', 'VON', 'DER', 'LIPPE', 'D.', 'Risling', 'BRAND(S)', 'APPLICABLE', 'OLD', 'GOLD', 'DIRECT', 'MAIL', 'MEDIA', 'TYPE', 'MEDIA', 'NAME', 'ISSUE', 'FREQUENCY', 'YEAR', 'SPACE/', 'COLOR', '10/', '4/', '99', '3/', '31/', '00', 'COUPON', 'VALUE', 'GEOGRAPHICAL', 'AREA(S)', 'CIRCULATION', 'DATES', 'CIRCULATION(#)', 'COUPON', 'EXPIRATION', 'DATE', 'COUPON', 'ISSUE', 'DATE', '201,', '500', 'OCTOBER', '1999', 'DISCOUNT', 'SMOKERS', 'OG', 'GROUPS', 'IANDII', '$1', '00', 'OFF', 'PACK', '', '', '', '4/', '14/', '99', 'ADVERTISING', 'CREATIVE', 'TITLE', 'SIGNATURE', 'OF', 'INITIATOR', 'DATE', 'INITIATED', 'REDEMPTION', 'RESULTS', 'CODE', 'ASSIGNED', 'EST.', 'REDEMPTION']"
https://raw.githubusercontent.com/mogith-pn/Assests/refs/heads/main/testing_data/images/82251504.png,"['17', 'cc:', ':', 'From:', 'Area:', 'Region:', '5', 'X', 'Chains:', 'Independents:', '82251504', '11/05/97', '11:', '03', '', '813', '384', '0683', 'LORILLARD', 'TAMPA', 'GREENSBOR', '0002/', '003', '', '', 'Retail', 'Excel', 'Progress', 'Report', 'Submission', 'for:', 'Distribution', 'by/', 'to:', 'DM', 'to', 'RSM', '1st', 'of', 'Month', 'RSM', 'to', 'R', 'W.', 'C.', '10th', 'D.', 'O.', 'S.', 'R.', 'W.', 'Caldarella', 'Kent', 'B.', 'Mills', 'July', '31', 'August', '29', 'September', '30', 'October', '31', 'November', '28', 'December', '30', 'Acceptance/', 'Response:', 'What', 'is', 'the', 'retailers', 'response', 'to', ""Lorillard's"", 'Excel', 'Merchandising', 'plan?', 'This', 'program', 'has', 'been', 'successful', 'to', 'date', 'with', 'chains', 'where', 'our', '""Flex', 'Payment"".', 'was', 'not', '', 'place.', 'The', 'chains', 'where', '', 'were', 'using', 'the', '""Flex', 'Payment""', 'system', 'we', 'have', 'not', 'been', 'las', 'successful.', 'The', 'P.', 'O.', 'S.', 'requirements', 'of', 'the', 'P-', '1', 'Plan', 'with', 'Oil', 'Companies', 'is', 'difficult', 'to', 'obtain.', 'Additional', 'P.', 'V.', 'merchandising', 'is', 'being', 'secured', 'quickly,', 'Additional', 'monies', 'have', 'assisted', 'Region', '17', 'in', 'fighting', 'PM', 'Exclusives', 'and', 'PM/', 'RJR', 'co-existence', 'situations.', 'Hardware', 'Evaluation/', 'Effectiveness:', 'Comment', 'on', 'the', 'assembly', 'of', 'displays', 'and', 'application', 'of', 'shields:', 'The', 'displays', 'are', 'easily', 'assembled', 'and', 'durable.', 'Some', 'questions', 'have', 'been', 'raised', 'conceming', 'the', 'inability', 'to', 'be', 'flush', 'with', 'the', 'counter', 'and/', 'or', '', 'against', 'the', 'register.', 'As', 'well', 'as', 'the', 'ability', 'to', 'place', 'this', 'or', 'the', 'Back', 'Bar', 'if', 'the', 'settlement', 'goes', 'through', 'Pemanent', 'Advertising', 'Evaluation/', 'Effectiveness/', 'Acceptance:', '(P-', '1/', 'P-', '5', '&', 'C', '5', 'Plans', 'Only:', 'Not', 'available', 'at', 'this', 'time']"
https://raw.githubusercontent.com/mogith-pn/Assests/refs/heads/main/testing_data/images/93106788.png,"['TO:', 'ATTN:', 'DATE:', 'ADVERTISER:', 'PRODUCT:', 'LORILLARD', 'NEWPORT', 'AD#:', 'CAPTION:', 'SPACE:', 'DATE:', 'P5CE', 'PO', '#77219', 'ATTN:', '93106788', 'Cigarette', 'LORILLARD', 'MEDIA', 'SERVICES', 'ONE', 'PARK', 'AVENUE,', 'NEW', 'YORK,', 'NY', '10016-', '5896', 'MAGAZINE', 'INSERTION', 'ORDER', 'ESSENCE', '1500', 'BROADWAY', 'NEW', 'YORK,', 'NY', '10036', 'JOYCE', 'WINSTON', 'MARCH', '17,', '1995', 'THIS', 'ADVERTISEMENT', 'COMPLIES', 'WITH', 'THE', 'FTC', 'REQUIREMENT', 'FOR', 'A', 'WARNING', 'STATEMENT', 'AND', 'TAR', 'AND', 'NICOTINE', 'LINE', 'WHICH', 'MUST', 'APPEAR', 'IN', 'ALL', 'CIGARETTE', 'ADVERTISING', 'CHECK', 'MATERIAL', 'YOU', 'RECEIVE', 'AGAINST', 'THE', 'PROOF', 'TO', 'BE', 'SURE', 'IT', 'IS', 'CORRECT,', 'UNDER', 'NO', 'CIRCUMSTANCES', 'ARE', 'TO', 'YOU', 'RUN', 'SUBSTITUTE', 'MATERIALS,', 'ALTERIOR', 'OR', 'OMIT', 'ANY', 'COPY', 'WITHOUT', 'PRIOR', 'APPROVAL', 'FROM', 'LORILLARD', 'MEDIA', 'SERVICES.', 'NPT-', '533-', '7', 'FOUNTAIN', 'COUPLE', 'JUNE', '1995', 'IF', 'UNABLE', 'TO', 'INSERT', 'ON', 'THE', 'DATE', 'ORDERED', 'KINDLY', 'NOTIFY', 'US', 'AT', 'ONCE', 'AND', 'WAIT', 'FOR', 'NEW', 'INSERTION', 'DATE.', 'NO', 'CREDIT', 'CAN', 'BE', 'ALLOWED', 'SHOULD', 'THIS', 'ADVERTISEMENT', 'APPEAR', 'INCORRECTLY', 'OR', 'ON', 'A', 'DATE', 'OTHER', 'THAN', 'THAT', 'AUTHORIZED.', 'POSITION', 'URGENTLY', 'REQUESTED:', 'FAR', 'FORWARD,', 'OPPOSITE', 'FULL', 'EDITORIAL', '-', 'No', 'coupon', 'ad', 'on', 'backing', 'page.', '-', 'Maintain', 'at', 'least', 'six', 'page', 'separation', 'from', 'bompetitive', 'ads.', '-', 'No', 'aditional/', 'advertising', 'matter', '', 'to', 'cigarette', 'within', '6', 'pages', 'of', 'our', 'ad.', 'COPY', 'INSTRUCTIONS:', '5', 'COLOR', 'PROOF', 'ATTACHED,', 'FILM', 'FROM', 'COLLIER', 'WITH', '""D""', 'WARNING', 'SURGEON', 'GENERALS', 'WARNING', 'Smoke', 'contains', 'carbon', 'Monoxide', 'IMPORTANT', 'INSTRUCTIONS:', 'A.', 'Check', 'material', 'carefully', 'against', 'proof', 'to', 'make', 'sure', 'it', 'corresponds', 'in', 'every', 'respect', 'B.', 'Please', 'inspect', 'repro', 'material', 'immediately.', 'They', 'should', 'produce', 'good', 'printing', 'results.', 'Advise', 'us', 'promptly', 'if', 'Hor', 'satisfactory', 'C.', 'Poor', 'printing', 'will', 'not', 'be', 'paid', 'for.', 'D.', 'Advise', 'us', 'at', 'once', 'if', 'instructions', 'are', 'not', 'clear.', 'E.', 'Under', 'no', 'circumstances', 'are', 'you', 'to', 'space', 'out', 'our', 'advertisement', 'without', 'specific', 'instructions', 'from', 'us.', 'SPACE BILLING', 'INSTRUCTIONS:', 'The', 'space', 'is', 'being', 'brdered', 'by:', 'LOAILLARD', 'MEDIA', 'SERVICES', 'Direct', 'all', 'invoices', 'and', 'full', 'checking', 'copies', 'of', 'all', 'regional', 'and', 'national', 'additions', 'to:', 'LORILLARD', 'MEDIA', 'SERVICES', 'ONE', 'PARK', 'AVENUE', '17TH', 'FLOOR', 'NEW', 'YORK', 'NEW', 'YORK', '10016-', '5896', 'STEVE', 'MOLLOY']"
https://raw.githubusercontent.com/mogith-pn/Assests/refs/heads/main/testing_data/images/82252956_2958.png,"['AUG 4', 'SEP 15', 'JUN 23', 'MAY 12', 'REGION:', 'DIVISION:', '7', '7', 'TO:', 'FROM:', 'SUBJECT:', 'OLOGOLD.XLS', '82252956', 'GEOGRAPHY', 'DISTRIBUTION', '144/14', '93', 'K.', 'A.', 'Sparrow', 'SUBMISSION DATE', 'D.', 'J.', 'Landro', 'OLD', 'GOLD', 'MENTHOL', 'LIGHTS', '&', 'ULTRA', 'LIGHTS', ""100'S"", 'PROGRESS', 'REPORT', '(ONLY', 'IF', 'PARTIAL', 'REGION', 'CONTINUE', 'WITH', 'DIVISION', '(S)', 'SCOPE)', 'DIVISION', 'NAME:', 'DIVISION', 'NAME:', 'DIVISION', 'NAME:', 'Milw.', 'South', 'Milw.', 'North', 'DIVISION', 'NAME:', 'DIVISION', 'NAME:', 'DIVISION', 'NAME:', '#', 'REP', '#', 'REP', '#', 'REPS', 'DIRECT', 'ACCOUNTS', 'AND', 'CHAINS', 'HEADQUARTERED', 'WITHIN', 'THE', 'REGION', '(15', '+', 'STORES)', 'STOCKING', 'NO', 'OLD', 'GOLD', 'MENTHOL', 'LIGHTS', 'OR', 'ULTRA', 'LIGHTS', ""100'S"", 'NAME', 'OF', 'ACCOUNT', 'IND/LOR', 'VOLUME', 'NO.', 'OF', 'STORES', 'NAME', 'OF', 'ACCOUNT', 'IND/LOR', 'VOLUME', 'NO.', 'OF', 'TORES', 'Page1', 'of', '3', 'Pages', 'Walgreen', 'Drug']"
https://raw.githubusercontent.com/mogith-pn/Assests/refs/heads/main/testing_data/images/86079776_9777.png,"['SPECIFICS', 'Execution:', 'Media:', 'OBJECTIVE', 'TARGET', 'COMMUNICATION', 'PLATFORM', '86079776', 'CREATIVE', 'INPUT', 'DOCUMENT', 'Date/', 'Time:', 'Prepared', 'By:', '10/30/98', '1:46', 'PM', 'Milestone', 'Presentation', 'Date:', 'Estimated', 'Creative', 'Budget:', 'Concept:', 'Client', 'Name:', 'Matter', 'Number:', 'Project', 'Title:', 'Est.', 'Production', 'Budget:', 'Why', 'are', 'we', 'advertising?', 'What', 'do', 'we', 'plan', 'to', 'achieve?', 'To', 'whom', 'are', 'we', 'talking?', 'Who', 'is', 'the', 'primary', 'target?', 'Is', 'there', 'a', 'secondary', 'target?', 'What', 'is', 'their', 'relationship', 'to', 'the', 'brand', '', 'what', 'do', 'they', 'currently', 'think', 'about', 'it?', 'What', 'is', 'the', 'single', 'most', 'important', 'message/idea', 'we', 'are', 'trying', 'to', 'communicate?', 'What', 'is', 'the', 'unique', 'selling', 'position', 'that', 'will', 'help', 'us', 'achieve', 'our', 'advertising', 'goal?', 'Are', 'there', 'any', 'secondary', 'messages?', 'What', 'is', 'the', 'key', 'benefit', 'to', 'the', 'target?', ""What's"", 'in', 'it', 'for', 'the', 'reader?', 'Is', 'there', 'an', 'offer/call', 'to', 'action?', 'What', 'are', 'we', 'offering', 'the', 'target', 'to', 'persuade', 'him/her', 'to', 'act', 'now?', '(A', 'premium,', 'sweepstakes,', 'limited-time', 'offer,', 'free', 'information,', 'or', 'something', 'else?', 'What', 'would', 'we', 'like', 'our', 'target', 'to', 'think?', 'What', 'would', 'our', 'target', 'say', 'after', 'being', 'exposed', 'to', 'our', 'program?', 'c:\\my', 'documents\\wp\\sample', 'cid.', 'doc', '1', 'of', '2', '10/30/98', '01:46', 'PM', '☐', 'Loyalty', '☐', 'Lead', 'Generation', '☐', 'Trial', '☐', 'Acquisition', '☐', 'Up-Sell', '☐', 'Awareness', '☐', 'Retention', '☐', 'Cross-Sell', '☐', 'Direct', 'Sale', '☐', 'Other', '☐', 'Change', 'Image', 'Perception', '☐', 'New', 'Product/Package', 'Intro.', '☐', 'Competitive', 'Blocking', '☐', 'Relationship-Building']"
https://raw.githubusercontent.com/mogith-pn/Assests/refs/heads/main/testing_data/images/82562350.png,"['Fax', 'LORILLARD TOBACCO COMPANY', '', '001/004', 'To:', 'Fax:', 'CC:', 'Re:', 'From:', 'Date:', 'Fax:', 'Pages:', 'Urgent', '4', 'Comments:', 'CONFIDENTIALITY', 'NOTE', 'Telephone:', '82562350', '05/01/00', '10:21', '612', '894', '9690', 'LORILLARD', 'RGNY', '11', 'Mr.', 'Randy', 'Spell', 'Rick', 'Redfield', 'May', '1,', '2000', '952', '894-', '9690', 'Mr.', 'Fred', 'Paternostro', 'Legal-', 'lowa', 'For', 'Review', 'Please', 'Comment', 'Please', 'Reply', 'please', 'Recycle', 'Attached', 'is', 'the', 'Iowa', 'Department', 'of', 'Revenue', 'and', 'Finance', 'Minimum', 'Legal', 'Prices', 'on', 'Cigarettes', 'as', 'of', 'April', '3,', '2000.', 'I', 'am', 'attempting', 'to', 'obtain', 'a', 'copy', 'of', 'the', 'actual', 'Fair', 'Trade', 'Law', 'and', 'will', 'forward', 'as', 'soon', 'as', 'obtained.', 'Rick', 'This', 'facsimile', 'may', 'contain', 'privileged', 'and', 'confidential', 'information', 'intended', 'only', 'for', 'the', 'use', 'of', 'the', 'individual', '', 'entity', 'named', 'above.', 'If', 'the', 'mader', 'of', 'the', 'facsimile', 'is', 'not', 'the', 'intended', 'recipient', 'or', 'employee', 'or', 'delivering.', 'It', 'to', 'the', 'intended', 'recipient', 'you', 'are', 'hereby', 'notified', 'that', 'any', 'dissemination', 'for', 'copying', 'of', 'this', 'facsimile', 'is', 'strictly', 'prohibited.', 'If', 'you', 'have', 'received', 'his', 'facsimile', 'in', 'error,', 'please', 'notify', 'us', 'immediately', 'by', 'telephone', '(number', 'indicated', 'below)', 'and', 'return', 'the', 'original', 'facsimile', 'to', 'us', 'at', 'the', 'address', 'below', 'via', 'the', 'U.S', 'Postal', 'Service.', '205', 'River', 'Ridge', 'Circle', 'P.', 'O.', 'Box', '7589', 'Bumsville,', 'MN', '5337', '(952)', '694-2238']"
https://raw.githubusercontent.com/mogith-pn/Assests/refs/heads/main/testing_data/images/86263525.png,"['DATE', 'DATE', 'DATE', 'DATE', 'DATE', 'DATE', '141', 'N', '/A', 'N', '/A', '2051119008', 'RECORDS', 'RETENTION', 'SCHEDULE', 'RECONCILIATION', 'RECORDS', 'MANAGEMENT', 'DEPARTMENT', '-', 'M', '/C', 'DEPARTMENT', 'NAME', 'SCIENCE', '&', 'TECHNOLOGY', 'COST', 'CENTER', 'NUMBER', 'INDEX', 'BINDERS', 'CONSOLIDATED', 'BY:', 'N', '/A', 'INDEX', 'BINDER', 'RE-', 'LABELED', 'BY:', '', 'Mallery', '2', '/15', '/90', 'RETENTION', '&', 'RECOMMENDATION', 'FILE', 'REORGANIZED', 'AND', 'RE-', 'LABELED', 'BY:', 'RECORDS', 'RETENTION', 'SCHEDULE', 'PLACED', 'IN', 'INDEX', 'BINDER', 'AND', 'IN', 'FILE', 'BY:', 'Wayne', 'Boughan', '4', '/18', '/90', 'BOXES', 'CREATED', 'FOR', 'HARD', 'COPY', 'PERMANENT', 'RETENTION', 'RECORDS', 'BY:', 'RECORDS', 'TRANSFER', 'INVENTORY', 'FORMS', 'UPDATED', 'BY:', 'Wayne', 'Baughan', '7', '/25', '/90']"
https://raw.githubusercontent.com/mogith-pn/Assests/refs/heads/main/testing_data/images/87594142_87594144.png,"['ADDRESS', 'Baltimore', '(A)', '(B)', '21205', 'THRU', 'THRU', '$', '$', '$', 'THRU', '01/01/94', '01/01/95', '01/01/96', '12/31/94', '12/31/95', '12/31/96', '5/26/93', '87594142', 'APPLICATION', 'FOR', 'RESEARCH', 'CONTRACT', 'CENTER', 'FOR', 'INDOOR', 'AIR', 'RESEARCH', '1099', 'WINTERSON', 'ROAD', 'SUITE', '280', 'LINTHICUM,', 'MD.', '21090', '(410)', '684-3777', 'FAX', '(410)', '684-3729', '1.', 'PRINCIPAL', 'INVESTIGATOR', 'NAME,', 'TITLE,', 'TELEPHONE', '#', 'AND', 'MAILING', 'ADDRESS.', 'Steven', 'R.', 'Kleeberger,', 'Ph.', 'D.', 'Associate', 'Professor', '(410)', '955-3515/955-0299', 'Johns', 'Hopkins', 'University,', 'School', 'of', 'Hyg.', '&', 'Pub.', 'Hlth.', 'Environmental', 'Health', 'Sciences', '615', 'North', 'Wolfe', 'Street,', 'Baltimore,', 'Maryland', '2.', 'PROJECT TITLE', 'Mechanisms', 'of', 'Chronic', 'Ozone', 'Exposure:', 'Role', 'of', 'Inflammation', '3.', 'KEY', 'WORDS', 'PLEASE', 'PROVIDE', 'THREE', '(3)', 'KEY', 'WORDS', 'WHICH', 'WILL', 'BE', 'USED', 'AS', 'REFERENCE', 'HEADINGS Ozone,', 'Inflammation,', 'Mast', 'Cell', '4.', 'INSTITUTION', 'NAME', 'AND', 'ADDRESS', 'OF', 'INSTITUTION', 'RESPONSIBLE', 'AND', 'ACCOUNTABLE', 'FOR', 'OF', 'AWARDED', 'ON', 'THE', 'OF', 'DISPOSITION', 'FUNDS', 'BASIS', 'THIS APPLICATION.', 'Johns', 'Hopkins', 'University', '615', 'North', 'Wolfe', 'Street', 'Maryland', '21205', '5.', 'LOCATION', 'LIST', 'LOCATION', 'WHERE', 'RESEARCH', 'WILL', 'BE', 'CONDUCTED', 'IF', 'OTHER', 'THAN', 'INSTITUTION', 'IDENTIFIED', 'IN', '#4', 'ABOVE.', '6.', 'INCLUSIVE', 'DATES', 'AND', 'TOTAL', 'COSTS', 'OF', 'THIS', 'SPECIFIC', 'PROJECT', 'RELATED', 'TO', 'EACH', '12', 'MONTH', 'PERIOD', 'IF', 'MORE', 'THAN', 'ONE', 'YEAR', 'IS', 'REQUIRED', 'TO', 'COMPLETE', 'PROJECT.', 'SUMMARIZE', 'FROM', 'BUDGET', 'PAGE', 'ITEM', '12(s).', 'IT', 'MUST', 'BE', 'UNDERSTOOD', 'THAT', 'AWARDS', 'FOR', '2ND', 'AND', '3RD', 'PERIODS', 'ARE', 'DEPENDENT', 'ON', 'CENTER', 'APPROVAL', 'OF', 'CONTINUATION', 'APPLICATION.', '(A)', '1ST', '12', 'MONTH', 'PERIOD', '(B)', '2ND', '12', 'MONTH', 'PERIOD', 'IF', 'REQUIRED', '(C)', '3RD', '12', 'MONTH', 'PERIOD', 'IF', 'REQUIRED', 'INCLUSIVE', 'DATE', '210,', '910', '212,', '481', '220,', '416', 'TOTAL', 'COST', '7.', 'INSTITUTIONAL', 'OFFICER.', 'NAME,', 'TITLE', 'AND', 'TELEPHONE', 'NUMBER', 'OF', 'INDIVIDUAL', 'AUTHORIZED', 'TO', 'SIGN', 'FOR', 'THE', 'INSTITUTION', 'IDENTIFIED', 'IN', '#4', 'ABOVE.', 'IT', 'IS', 'UNDERSTOOD', 'THAT', 'THE', 'OFFICER,', 'IN', 'APPLYING', 'FOR', 'A', 'CONTACT.', 'HAS', 'READ', 'AND', 'FOUND', 'ACCEPTABLE', 'THE', ""CENTER'S"", 'MANAGEMENT', 'OF', 'RESEARCH', 'CONTRACTS', 'AND', 'CONTRACT', 'ADMINISTRATION', 'POLICY.', 'Alan', 'M.', 'Goldberg,', 'Ph.', 'D.', 'Assoc.', 'Dean', 'for', 'Research', '(410)', '955-9253', '(A)', 'NAME', '(C)', 'TELEPHONE', '(D)', 'SIGNATURE OF', '(B)', 'TITLE', '(E)', 'DATE', '(C)', 'City', '(D)', 'STATE/ZIP', '(a)', 'STREET', '(A)', 'INSTITUTION', '(F)', 'MAILING', '(D)', 'DEPARTMENT', '(A)', 'NAME', '(a)', 'TITLE', '(E)', 'INSTITUTION', '(c)', 'TELEPHONE', '(G)', 'STATE/ZIP', '8.', 'PRELIMINARY', 'STUDIES*', 'QUALIFICATIONS', 'OF', 'INVESTIGATOR', '9.', 'EXPERIMENTAL', 'PLAN*', '(A)', 'METHODS', 'DATA', 'INTERPRETATION', 'RESULTS', 'INVESTIGATION', 'LITERATURE', 'CITED', '10.', 'AVAILABLE', 'FACILITIES', 'AND', 'RESOURCES', '11.', 'OTHER', 'SUPPORT', '*', 'APPEND', 'AS', 'MUCH', 'MATERIAL', 'AS', 'REQUIRED', 'TYPE,', 'SINGLE', 'SPACE', 'USE', '8-1/2', 'x', '11""', 'WHITE', 'PAPER', 'AND', 'LABEL', 'EACH', 'SHEET', 'WITH', 'NAME', 'THE', 'PRINCIPAL', 'NVESTIGATOR', 'IN', 'THE', 'UPPER', 'RIGHT', 'HAND', 'CORNER', 'AND', 'PAGE', 'NUMBER', 'AT', 'THE', 'BOTTOM.', 'CONSECUTIVELY', 'NUMBER', 'EACH', 'ADDENDUM', 'BEGINNING', 'WITH', 'PAGES', '5.', 'DO', 'NOT', 'INSERT', 'PACES', 'BETWEEN', 'PAGES', '1', 'AND', '6', 'E.G.', '2A', '2B', '3A', 'ETC.', 'INCLUDE', 'NINE', 'COPIES', 'AND', 'AN', 'ORIGINAL', 'If', 'SENDING', 'PHOTOGRAPHS,', 'INCLUDE', '2', 'ORIGINAL', 'SETS.', 'NOTE:', 'EACH', 'OF', 'THE', 'NINE', 'COPIES', 'MUST', 'BE', 'PLACED', 'IN', '', 'BINDER', 'PER', 'MAILING', 'INSTRUCTIONS.']"
https://raw.githubusercontent.com/mogith-pn/Assests/refs/heads/main/testing_data/images/87125460.png,"['', '87125460', 'APPROVALS', 'DATE', 'DATE', 'STUDY', 'DIRECTOR', '', '', 'FINAL', 'REPORT', 'AMENDMENT', 'STUDY', 'NAME', 'Induction', 'of', 'Hepatic', 'Enzymes', 'in', 'rats', '(B202)', 'STUDY', 'NUMBER', 'I-', '7016.', '401', 'INITIATION', 'DATE', 'October', '27,', '1986', 'DATE', 'OF', 'FINAL', 'REPORT', 'February', '26,', '1987', 'PART', 'OF', 'FINAL', 'REPORT', 'TO', 'BE', 'AMENDED', '(EXACT', 'LOCATION)', 'Page', '14', 'and', 'Table', '4', 'REASON', 'FOR', 'THE', 'AMENDMENT', 'Request', 'from', 'sponsor', 'AMENDMENT', '(Attach', 'additional', 'sheets', 'as', 'necessary)', 'see', 'attached', '8/', '7/', '87', '08/', '14/', '87', 'QUALITY', 'ASSURANCE']"
https://raw.githubusercontent.com/mogith-pn/Assests/refs/heads/main/testing_data/images/82250337_0338.png,"['TO:', 'FROM:', 'DATE:', 'MANUFACTURER:', 'BRAND:', 'Oct.', 'Dec.', 'Jan.', 'Nov.', 'X', 'B&W', '82250337', 'COMPETITIVE', 'PRODUCT', 'INTRODUCTION', 'PROGRESS', 'REPORT', 'Sam', 'Zolot', 'Kool', 'Waterfall', 'All', 'Packings', 'TYPE', 'OF', 'PACKINGS:', 'D.', 'J.', 'Landro', '2-', 'Dec-', '97', 'REPORTING', 'PERIODS:', 'TEST', 'MARKET', 'GEOGRAPHY:', 'Divisions', '621', 'and', '627', 'wisconsin', 'PRICE', 'POINT:', 'FULLS', '$', 'P/', 'V', '$', '(Indicate', ""Distributor's"", 'Cost', 'Per', 'Carton)', 'SALES', 'FORCE', 'INVOLVEMENT:', 'They', 'have', 'crew-', 'worked', 'distribution,', 'and', 'it', 'is', 'reported', 'that', 'they', 'may', 'crew-', 'work', 'it', 'again', 'Sales', 'force', 'has', 'been', 'busy', 'promoting', 'old', 'style', 'backs', 'to', 'clean', 'up', 'inventory.', 'All', 'POS', 'is', 'being', 'converted', 'to', '""B""', 'Kool.', 'DISTRIBUTORS', 'ACCEPTANCE', 'INTRO', 'TERMS', 'INTRO', 'DEALS', 'INVOLVEMENT:', 'All', 'accounts', 'have', 'the', 'new', 'packaging.', 'It', 'was', 'not', 'a', 'problem', 'obtaining', 'new', 'distribution.', 'All', 'accounts', 'appear', 'to', 'have', '100%', 'distribution', 'of', 'new', 'packings.', 'CHAINS', 'ACCEPTANCE/', 'MERCHANDISING:', 'This', 'has', 'not', 'been', 'a', 'problem.', 'New', 'packaging', 'is', 'just', 'following', '', 'on', 'the', 'old', '""packaging"".', 'INDEPENDENTS', 'ACCEPTANCE/', 'MERCHANDISING:', 'Very', 'well', 'received.', 'The', '', 'packs', 'are', 'peing', 'consolidated', 'and', 'promoted', 'in', 'select', 'retail', 'locations', 'at', '40', 'off', '$4', '00', 'off', 'cartons.', 'ADVERTISING', 'EFFECTIVENESS', 'OF', 'P.', 'O.', 'S.:', 'The', 'theme', '""B""', 'Kool', 'has', 'replaced', 'all', 'previous', 'POS.', 'They', 'have', 'effectively', 'replaced', 'all', 'old', 'POS.', 'New', 'door', 'signage,', 'hour', 'signs,', 'poster', 'mats,', 'and', 'clocks', 'have', 'the', 'new', 'design.', '""B""', 'Kool', 'also', 'appears', 'on', 'billboards', 'in', 'llinois.', 'PAGE', '1', 'OF', '2']"
https://raw.githubusercontent.com/mogith-pn/Assests/refs/heads/main/testing_data/images/86244113.png,"['DIVISION:', 'ACCOUNT:', '(STATE)', 'DATES:', 'BRAND', 'NOTE:', 'ACTION', 'PLAN:', 'CC:', '8624113', 'STYLEREP', 'INVENTORY', 'FOR:', 'DIRECT', 'ACCOUNT', 'STATUS', 'REPORT', '#', 'OF', 'CARTONS', 'ON', 'HAND', 'AVERAGE', 'WEEKLY', 'MOVEMENT', '#', 'OF', 'WEEKS', 'ON', 'HAND', 'STYLE', 'LIGHT', ""100'S"", 'STYLE', 'LIGHT', 'MENTHOL', ""100'S"", 'STYLE', 'LIGHT', 'BOX', ""100'S"", 'STYLE', 'MEN.', 'LIGHT', 'BOX', ""100'S"", 'STYLE', 'SLIM', 'LIGHT', ""100's"", 'STYLE', 'SLIM', 'MEN.', 'LT.', ""100's"", 'REPORT', 'STYLE', 'INVENTORY', 'ONLY.', 'SUBMIT', 'REPORT', 'ONLY', 'IF', 'STYLE', 'IS', 'STILL', 'ON', 'HAND', 'IN', 'THIS', 'ACCOUNT.', 'REGIONAL', 'SALES', 'MANAGER,', 'ALL', 'DIVISIONS', 'SERVICED', 'BY', 'THIS', 'ACCOUNT.']"
https://raw.githubusercontent.com/mogith-pn/Assests/refs/heads/main/testing_data/images/83624198.png,"['TO', '', 'DATE:', 'COMPANY:', 'PHONE:', 'FROM:', 'PHONE:', 'MESSAGE:', 'YES', 'NO', '12', '83624198', 'Tel', 'Fax', 'FEB', '25', ""'98"", '18:', '23', 'FR', '', '', '#1', '28557', '002#', 'P.', '2101', 'FAX', 'TRANSMISSION', 'February', '25,', '1998', 'L8557', '002', 'Ronald', 'S.', 'Milstein', 'Lorillard', 'Tobacco', 'Company', '910/', '335-', '7707', '910', '/335', '-7718', 'Andy', 'Zausner', '202', '/828', '-2259', 'FAX', 'NUMBER:', 'MESSAGE', 'TO:', 'CLIENT', 'NO.:', 'PAGES', '(including', 'Cover', 'Sheet):', 'HARD', 'COPY', 'TO', 'FOLLOW:', 'See', 'attached', 'fax', 'from', 'the', 'Committee', 'on', 'Commerce', 'just', 'received', 'in', 'my', 'office.', 'Call', 'me', '', 'discuss.', 'If', 'your', 'receipt', 'of', 'this', 'transmission', 'is', 'in', 'error,', 'please', 'notify', 'this', 'firm', 'immediately', 'by', 'collect', 'call', 'to', 'our', 'Facsimile', 'Department', 'at', '202-', '861', '-9106', 'and', 'send', 'the', 'original', 'transmission', 'to', 'us', 'by', 'return', 'mail', 'at', 'the', 'address', 'below.', 'This', 'transmission', 'is', 'intended', 'for', 'the', 'sole', 'use', 'of', 'the', 'individual', 'and', 'entity', 'to', 'whom', 'it', 'is', 'addressed,', 'and', 'may', 'contain', 'information', 'that', 'is', 'privileged,', 'confidential', 'and', 'exempt', 'from', 'disclosure', 'under', 'applicable', 'law.', 'You', 'are', 'hereby', 'notified', 'that', 'any', 'dissemination,', 'distribution', '', 'duplication', 'of', 'this', 'transmission', 'by', 'somcong', 'other', 'than', 'the', 'intended', 'addressee', 'or', 'its', 'designated', 'agent', 'is', 'strictly', 'prohibited.', '2101', 'L.', 'Street', 'NW', 'Washington', 'DC', '20037', '1528', '202', '785', '9700', '202', '-887', '-0589']"
https://raw.githubusercontent.com/mogith-pn/Assests/refs/heads/main/testing_data/images/83635935.png,"['DATE:', 'TO:', 'FROM:', '83635935', 'JUN', '05', '97', '02:00', 'PM', 'LOEWS', 'CORP', '', 'P.', '1/', '6', 'LOEWS', 'CORPORATION', '667', 'Madison', 'Avenue,', 'New', 'York,', 'N.', '/', '10021', '8087', '(212)', '545', '2920', 'Fax', '(212)', '935', '6801', 'BARRY', 'HIRSCH', 'Senior', 'Vice', 'President', 'Secretary', '&', 'General', 'Counsel', 'FAX', 'CONFIDENTIAL', 'June', '4,', '1997', 'Dr.', 'Spears/', 'A.', 'J.', 'Stevens/', 'R.', 'Milstein', 'Barry', 'Hirsch', 'TOTAL', 'NUMBER', 'OF', 'PAGES', 'INCLUDING', 'THIS', 'COVER', 'SHEET-', '6', 'IF', 'YOU', 'DO', 'NOT', 'RECEIVE', 'ALL', 'THE', 'PAGES,', 'PLEASE', 'CALL', 'CAROL', 'DOKTORSKI', 'AT', '(212)', '545-', '2934.', 'OUR', 'FAX', 'NUMBER', '', '(212)', '935', '6801', 'THIS', 'TRANSMISSION', 'IS', 'INTENDED', 'ONLY', 'FOR', 'THE', 'USE', 'OF', 'THIS', 'INDIVIDUAL', 'OR', 'ENTITY', 'TO', 'FROM', 'IT', 'IS', 'ADDRESSED.', 'AND', 'MAY', 'CONTAIN', 'INFORMATION', 'THAT', 'IS', 'PRIVILEGED', 'CONFIDENTIAL', 'AND', '', '', '', '', '', '', '', 'You', '', '', '', '', '', 'YOU', 'ARE', '', '', 'THAT', 'MY', 'DIRAYDOTIG', 'DISAISONICAR', '', '', 'OF', 'THIS', 'COMKONICATION', 'TA', 'ATRICTLY', 'PROHIBITED', '', '', 'HAVE', 'RECEIVED', '', 'TINCOFMONTTIOS', '', '', '', '', '', '', '', 'PYTHOND', '', 'ROU', '', 'ORIGDOL', 'YILSON', '', '', '', 'ATITE', 'ABOVE', 'ADDR359', 'VIA', '', '', '', 'POSTAL', 'SERVICE', 'THANK', 'YOU.']"
https://raw.githubusercontent.com/mogith-pn/Assests/refs/heads/main/testing_data/images/87093315_87093318.png,"['Date:', 'on', 'BLEND', 'CASTING', 'RECASING', 'MENIHOL', 'Filters', 'Cigarettes', 'Maker', 'Length', 'Circumference', 'Weight', 'Paper', 'Kind', 'Circumference', 'Weight', 'Plast.', '3/14/90', 'Attached', 'None', 'Attached', 'None', 'None', 'mm', '430', 'G', 'White', 'Blue', 'White', 'White', 'James', 'James', 'MFG.', 'Wrapping', 'Responsibility', 'Closures', 'Labels', 'Cartons', 'Markings', 'Shipping', 'Requirements', 'Laboratory', 'Analysis:', '87093315', '90-', 'B-', '1', '1194-', '90', '100', 'mm', 'Filter', '47.5', 'lbs.', 'Original', 'Request', 'Made', 'By', 'J.', 'H.', 'Bell', '2/15/90', 'Purpose', 'of', 'Sample', 'Cigarette', 'Modification', 'B-', '451', 'Sample', 'Specifications', 'Written', 'By', 'C.', 'W.', 'Lassiter', 'FINAL', 'FLAVOR', 'MK', '8', '99.0', 'mm', '27', 'mm', '24.8', 'mm', '78.0', 'g', '/', '100', '81-', '01-', '07', '25-', '04-', '07', '67', 'mm', 'White', 'Sample', 'No.', 'Type', 'of', 'Cigarette', 'Batch', 'Size', 'Filter', 'Length', 'Tip.', 'Paper', 'Tip.', 'Paper', 'Por.', 'Glue', 'Roller', 'Air', 'Dilution', '13.0', '%', 'Section', 'A', 'Section', 'B', '27', 'mm', '3.3/', '35,000', 'OG', 'Lt.', '108', 'mm', '400', 'mm', '24.45', 'mm', '75.3', '30g', '/', '100', '7', '%', 'Kent', '84-', '52-', '28', '655', '', 'Rod', 'Length', 'Pressure', 'Drop', 'Plug', 'Wrap', 'Plug', 'Wrap', 'Por.', 'Comb.', 'Wrap', 'Comb.', 'Wrap', 'Por.', 'Tobacco', 'Blend', 'Filter', 'Production', 'Making', '&', 'Packing', 'Sample', 'Requistion', '(Form', '02:', '20:', '06)', 'Lassiter/', 'Douglas', 'Tear', 'Tape', 'Sample', 'No.', 'on', 'each', 'Carton', 'Laboratory', 'Other', '1', 'Tray', 'Mainstream', 'Smoke', 'Analysis', 'Special', 'Requirements', 'Director,', 'Product', 'Development']"
https://raw.githubusercontent.com/mogith-pn/Assests/refs/heads/main/testing_data/images/89856243.png,"['file', 'PRODUCT', 'Date', 'Triumph', 'yes', 'yes', 'no', 'no', 'Approved', 'by:', 'Incidence', '-', '4', '1', 'Topline', 'Final', '89856243', 'Marketing', 'Research', 'Director', '', '', '', 'October', '17,', '1979', 'MARKETING', 'RESEARCH', 'RPROJECT', 'APPROVAL', '(To', 'be', 'filled', 'out', 'by', 'Marketing', 'Research', 'Department)', 'PROJECT', 'TITLE', 'Triumph', 'Disaster', 'Check', 'Study', '5546/', '1979', 'Research', 'Design', '(N,', 'Cells,', 'Elegibility,', 'Design,', 'Key', 'Danner', 'Breaks,', 'Methodololy,', 'Cities)', 'Contact', 'respondents', 'from', 'Buffalo', 'and', 'Kansas', 'City', 'who', 'had', 'previously', 'participated', 'in', 'a', 'steak', 'knife', 'offer', 'This', 'will', 'consist', 'of', 'one', 'cell', 'of', 'approximately', '175', 'respondents', 'who', 'are', 'Triumph', 'most', 'often', 'smokers', '/triers', 'This', 'study', 'is', 'intended', 'to', 'provide', 'us', 'with', 'any', 'negatives', 'associated', 'with', 'Triumph', 'Banner', 'points', 'will', 'include', 'Triumph', 'most', 'often', 'smokers', '(we', 'anticipate', 'approximately', '25', 'most', 'of', 'ten', 'people', 'Switchers', 'away', 'from', 'Triumph', '(N', 'approximately', '45).', 'It', 'should', 'be', 'noted', 'that', 'an', 'action', 'standard', 'of', 'at', 'least', '50%', 'be', 'obtained', 'in', 'acting', 'upon', 'any', 'product', 'negatives', 'associated', 'with', 'these', 'groups', 'see', 'research', 'limitations', 'below', 'for', 'additional', 'action', 'standard.', '(See', 'attached', 'memo', 'Key', 'Criteria', 'for', 'Analysis', '-Triumph', 'switchers', 'asked', 'why', 'no', 'longer', 'smoking', 'Triumph', '-Present', 'smokers', 'of', 'Triumph', 'asked', 'reasons', 'for', 'switching', 'to', 'Triumph', '-Mentions', 'of', '""harshness""', 'Research', 'Limitations', 'Due', 'to', 'sample', 'size', 'and', 'experience', 'we', 'feel', '25', 'respondents', 'will', 'presently', 'be', 'Triumph', 'smokers.', 'An', 'action', 'standard', 'of', '75%', 'should', 'be', 'utilized', 'for', 'judgments', 'on', 'product', 'negatives', 'only', 'among', 'this', 'group', 'If', '75%', 'of', 'Triumph', 'smokers', 'mention', 'harshness', 'we', 'could', 'consider', 'it', 'a', '50-', '75%', 'problem', 'If', 'of', 'Triumph', 'smokers', 'mention', '""harshness""', 'we', 'could', 'it', 'a', 'look', 'consider', 'possible', 'problem', 'at', 'other', 'areas).', 'If', 'below', '50%', 'of', 'Triumph', 'smokers', 'mention', '""harshness""', 'we', 'could', 'consider', 'it', 'at', 'a', 'problem', 'Research', 'Firm', 'Lenght', 'Int', '#', 'Open', '', '#', 'Reports', 'The', 'Data', 'Group.', 'Inc', '10', 'minutes', '2', 'wks', 'from', 'start', 'of', 'fid.', '4', 'wks', 'from', 'start', 'of', 'fld', 'Group', 'Product', 'Manager', 'Product', 'Manager', 'Prepared', 'by:', 'Cost', 'Estimate', '+', '-', '10%', 'Contingency', 'Final', 'Report', 'Inc.', 'Scott', 'R.', 'Benson', '', '$', '2.250']"
https://raw.githubusercontent.com/mogith-pn/Assests/refs/heads/main/testing_data/images/87528321.png,"['RJRT', '', 'Position', 'Change', 'of', 'Type', 'Addition', 'Deletion', 'Change', 'Mat', 'Affected', 'Glass', 'Brand/', 'Assembly/', 'Material', 'Slit', 'and', 'Mat', 'Glass', 'Design', 'Compatibity', 'Manufacturability', 'Other', 'Emergency', 'Urgent', 'Routine', 'Page', 'Date', 'Change', 'Order', 'Number', '8410059', '8-17-88', '5398', '880029', 'RFC', 'X', 'X', 'X', '51484', '3791', 'Date', 'DATE', 'HOLDER', 'SPEC', 'Title', 'Signature', 'Approved', 'Rejected', 'COMMITTEE', 'REVIEW', 'PRODUCT', 'COMMITTEE', 'ACCEPTANCE', 'PRODUCT', '8-17-88', '', '', '', 'KA', '', '', '9/8/88', 'REQUEST', 'FOR', 'CHANGE', 'F-', '1001', '7/', '88', 'ORIGINATOR', 'Name:', 'Dan', 'Straka', 'Date', 'Prepared', '1', 'of', '1', 'B-17-88', 'D.', 'Marsh', 'Received', 'By', 'Telephone', 'No', 'Department', 'Name', 'and', 'Location', '611-', '13', '3rd', 'Floor', 'Description', 'of', 'Problem', 'Spec', 'Change', 'Cost', 'Reduction', 'The', 'current', 'specifications', 'for', 'glass', 'mat', 'and', 'slit', 'glass', 'mat', 'can', 'be', 'made', 'more', 'accurate', 'and', 'complete', 'with', 'the', 'following', 'changes:', 'Glass', 'Mat:', 'slit', 'Glass', 'Mat:', 'Delete', 'C-', 'glass', 'from', 'Iten', 'description.', 'Change', 'glass', 'softening', 'point', 'to', '756', '+', '/', '-', '10', 'degrees', 'from', '750.', 'Change', 'rolls', 'per', 'pallet', 'to', '2', 'from', '1.', 'Delete', 'C-', 'glass', 'from', 'item', 'description', 'Change', 'bobbins', 'per', 'stack', 'to', '47', 'from', '45.', 'Add', 'outside', 'diameter', 'specs', 'of', '30.0,', '26.0', '-', '31.0', 'inches.', 'Proposed', 'Solution', 'Change', 'the', 'current', 'MSS', 'specifications', 'as', 'outlined', 'above.', 'Accepted', 'for', 'Investigation', 'Final', 'Disposition', 'Action', 'Taken', 'or', 'Reason', 'for', 'Rejection', 'Proposed', 'Effective', 'Date', 'habanisy', 'Dhes', '', '', '', '', '', '', '']"
https://raw.githubusercontent.com/mogith-pn/Assests/refs/heads/main/testing_data/images/82254765.png,"['TO:', 'FROM:', '1/24/97', '2', '1', '1', '1', 'ITEMS', 'zbulan', '82254765', '01/17/97', 'REQFORM', '1500', '500', 'K.', 'A.', 'SPARROW', 'DATE', 'TO', 'NYO:', 'S.', 'Reindel', 'Nassau/', '107', 'DIV.', 'NAME/', 'NO:', '1997', 'SPECIAL', 'EVENT', 'REQUEST', 'FORM', 'NAME', 'OF', 'EVENT:', '""DATE', 'OF', 'EVENT:', '3/18/97', 'H.', 'Levinson', 'Tradeshow', 'SAMPLE', ""10'S"", '(400', 'PACKS', 'PER', 'CASE)', 'SAMPLES/', 'ITEMS', 'REQUIRED:', 'NEWPORT', 'K.', 'S.', 'NEWPORT', ""100's"", 'NEWPORT', 'LTS', 'K.', 'S.', 'NEWPORT', 'LTS.', '100', 'KENT', 'III', 'K.', 'S.', '#', 'CASES', 'KENT', 'GL', 'LTS', 'K.', 'S.', '', 'GL', '100', 'KENT', 'III', '100', 'TRUE', 'K.', 'S.', 'KENT', 'K.', 'S.', 'KENT', '100', 'QUANTITY', 'REQUIRED', 'BASEBALL', 'CAP', 'WATER', 'BOTTLES', 'SHIP', 'TO:', 'CUSTOMER', 'SHIPPING', 'NUMBER', '198-', '1160006', 'NYO', 'ONLY:', 'DATE', 'FORWARDED', 'TO', 'PROMOTION', 'SERVICES:', 'PLEASE', 'ALLOW', '6', 'WEEKS', 'FOR', 'PROCESSING', 'OF', 'YOUR', 'REQUEST']"
https://raw.githubusercontent.com/mogith-pn/Assests/refs/heads/main/testing_data/images/82253245_3247.png,"['TO:', 'FROM:', 'SUBJECT:', 'X', 'PRE-', 'SELL', 'DISTRIBUTION', 'Sheetz', '18', '150', '183', '21', '82', '106', '87', '5', '23', '35', '43', 'Kroger', 'cvs', '82253245', 'K.', 'A.', 'Sparrow', 'R.', 'E.', 'Lane', 'SUBMISSION', 'DATE', 'JUNE', '30', 'AUG', '11', 'SEP', '22', 'NOV', '10', 'STYLE', 'LOW', 'PRICE', 'PROGRESS', 'REPORT', 'EFFECTIVENESS', 'OF:', 'Transition', 'Plan', '(Report', 'on', 'June', '30', 'only)', 'Overall', 'pre-', 'sell', 'efforts', 'were', 'successful', 'Retail', 'accounts', 'that', 'previously', 'stocked', 'Style', 'Full', 'Price', 'accepted', 'the', 'introduction', 'of', 'the', 'low', 'price', 'BIGIF', '2', 'FOR', '1:', 'Proved', 'to', 'be', 'an', 'excellent', 'tool', 'for', 'pulling', 'the', 'balance', 'of', 'Style', 'Full', 'Price', 'packs', 'through', 'the', 'system.', 'This', 'aided', 'the', 'field', 'greatly', 'during', 'the', 'transition', '$', '7.00', 'CARTON', 'COUPON/', 'BUYDOWN:', 'Effective', 'in', 'those', 'retail', 'calls', 'that', 'we', 'could', 'not', 'exchange', 'product', 'out', 'of.', 'Those', 'situations', 'were', 'limited.', 'DIRECT', 'ACCOUNTS', 'AND', 'CHAINS', 'HEADQUARTERED', 'WITHIN', 'THE', 'REGION', '(15+', 'STORES)', 'STOCKING', 'NO', 'LOW', 'PRICE', 'STYLE', 'NAME', 'OF', 'ACCOUNT', 'IND/', 'LOR', 'VOLUME', 'NO.', 'OF', 'STORES', 'NAME', 'OF', 'ACCOUNT', 'IND/', 'LOR', 'VOLUME', 'NO.', 'OF', 'STORES', 'M.', 'Maskos', '&', 'Sons', 'Pollock', 'Candy', 'and', 'Cigar', 'McKeesport', 'Candy', 'Co.', 'Sicc', 'Serva', 'Thrift/', 'Eckerd', '104/', '22', '521/', '42', '137/', '20', 'DIRECT', 'ACCOUNTS', 'AND', 'CHAINS', 'HEADQUARTERED', 'OUTSIDE', 'THE', 'REGION', '(15+', 'STORES)', 'STOCKING', 'NO', 'LOW', 'PRICE', 'STYLE', 'NAME', 'OF', 'ACCOUNT', 'IND/', 'LOR', 'VOLUME', 'NO', 'OF', 'STORES', 'NAME', 'OF', 'ACCOUNT', 'IND/', 'LOR', 'VOLUME', 'NO', 'OF', 'STORES', 'Rich', 'Oil', 'Super', 'America', 'W', 'H', 'Smith', '7-', '11', '318', 'Zon', 'Dairy', 'Marts', 'Widman', 'Drugs', 'STYLE', 'XLS', 'Page', '1', 'of', '3', 'Pages']"
https://raw.githubusercontent.com/mogith-pn/Assests/refs/heads/main/testing_data/images/92380595.png,"['RECEIVED', 'DATE:', 'TO:', 'ATTN:', 'RE:', 'x', '033052', 'via:', 'x', 'Summons', 'Complaint', 'Other:', 'X', 'Garnishment', 'Subpoena', 'vs.', 'RETURN', 'DATE', 'Collect', ')', ')', ')', ')', '475,592', 'COMMENTS:', 'Phone', 'Other', 'X', '92380595', 'Signed:', 'ORIGINAL', 'Executive', 'Offices', '1', 'GULF+', 'WESTE', 'PLAZA', '.', 'NEW', 'YORK,', 'NEW', 'YORK', '23-', '7773', '(212)', '373-', '7500', 'PRENTICE', 'HALL', 'CORPORATE', 'SERVICES', 'United', 'States', 'Corporation', 'Company', 'The', 'Prentice-', 'Hall', 'Corporation', 'System,', 'Inc.', 'TX', '3951', 'U', '12-', '13-', '89', 'LORILLARD,', 'INC.', 'ONE', 'PARK', 'AVENUE', '18TH', 'FL', 'NEW', 'YORK,', 'N.', 'Y.', '10016', 'DEC', '14', '89', 'MR.', 'ARTHUR', 'STEVENS,', 'ESQ', 'A.', 'J.', 'STEVENS', 'MOTOR', 'CARRIER', 'OR', 'STATUTORY', 'Account', '#', 'LORILLARD,', 'INC.', '(Represented', 'Company)', 'NOTICE', 'OF', 'SERVICE', 'OF', 'PROCESS', 'We', 'enclose', 'the', 'following', 'documents', 'which', 'were', 'served', 'upon:', 'UNITED', 'STATES', 'CORPORATION', 'COMPANY', 'IN', 'TEXAS', 'as', 'registered', 'agent', 'for', 'the', 'above-', 'captioned', 'corporation', 'on', '12-', '13-', '89', 'Personal', 'Service', 'Mail:', 'Regular', 'or', 'Certified', 'Certified', '#', 'Duplicate', 'copies', 'of', 'the', 'Notice', 'and', 'Acknowledgement', 'enclosed', 'A', 'self-', 'addressed', 'stamped', 'envelope', 'enclosed', 'Notice', 'of', ""Attorney's"", 'Lien', 'Notice', 'of', ""Mechanic's"", 'Lien', 'Notice', 'of', 'Default', 'Jucgment', 'CITATION', 'AND', 'FIRST', 'ORIGINAL', 'PETITION', 'TITLE', 'OF', 'ACTION:', 'WEBSTER', 'CRECC', 'R.', 'J.', 'REYNOLDS', 'TOBACCO', 'COMPANY,', 'ET', 'AL', 'Case', 'No.', 'COURT', 'OR', 'JURISDICTION', '345th', 'Judicial', 'District', 'Court', 'Travis', 'County.', 'Tx', 'Monday', 'next', '20', 'days', 'from', 'date', 'of', 'service', 'Agent', 'called', 'New', 'York', 'Office', 'Tel', 'Call', 'Placed', 'Direct', 'Spoke', 'to', 'ATTORNEYS', 'FOR', 'CLAIMANT', 'Mary', 'Ellen', 'Felps', '1000', 'West', 'Ave.', 'Austin,', 'Tx.', '78701', '512/478-', '4873', 'PAPERS', 'TRANSMITTED', 'TO', 'CLIENT', 'Fed', 'X', 'Reg', 'Mail', 'FORM', 'PREPARED', 'BY', 'PAT', 'HIGGINS', 'Date', 'Received:', '12/', '14/', '89', 'DUPLICATE', 'COPY', 'A', 'BUSINESS', 'REPLY', 'ENVELOPE', 'IS', 'ENCLOSED', 'FOR', 'YOUR', 'CONVENIENCE', 'PLEASE', 'ACKNOWLEDGE', 'RECEIPT', 'OF', 'THIS', 'NOTICE', 'AND', 'THE', 'ENCLOSURES', 'BY', 'SIGNING', 'AND', 'RETURNING', 'THE']"
https://raw.githubusercontent.com/mogith-pn/Assests/refs/heads/main/testing_data/images/86236474_6476.png,"['TO:', 'FROM:', '8623474', '☑', 'Mrs.', 'K.', 'A.', 'Sparrow', 'R.', 'G.', 'Ryan', 'JUNE7', 'AUG.2', 'OCT.7', 'SUBMISSION', 'DATE:', 'NEWPORT', 'LIGHTS', 'HEAVY', 'UP', 'PROGRESS', 'REPORT', 'EFFECTIVENESS', 'OF', 'DISTRIBUTION', 'ALLOWANCE:', 'DIRECT', 'ACCOUNT/', 'WHOLESALERS:', 'Distribution', 'allowance', 'was', 'very', 'effective', 'in', 'accomplishing', 'our', 'objectives.', 'All', 'accounts', 'have', 'purchased', 'introductory', 'products.', 'DIRECT', 'ACCOUNT', 'CHAINS:', 'Eagle', 'Foods', 'is', 'the', 'only', 'Void.', 'NON-', 'DIRECT', 'ACCOUNT', 'CHAINS:', 'Reception', 'from', 'these', 'accounts', 'is', 'most', 'positive', 'with', 'a', 'solid', 'incentitive', 'to', 'purchase.', 'EFFECTIVENESS', 'OF', 'THE', 'RETAIL', '(1', '00', 'OFF', 'CARTON)', 'DISTRIBUTION', 'ALLOWANCE:', 'Has', 'been', 'most', 'helpful', 'in', 'acquiring', 'desireable', 'distribution', 'when', 'needed', 'by', 'Sales', 'Reps.', 'PROMOTIONAL', 'ACTIVITY', '40c', 'OFF', 'PACK-', 'GENERAL', 'MARKET:', 'The', '40c', 'off', 'promotions', 'continue', 'to', 'be', 'well', 'received', 'at', 'the', 'retail', 'stores', 'and', 'by', 'consumers,', 'as', 'well.']"
https://raw.githubusercontent.com/mogith-pn/Assests/refs/heads/main/testing_data/images/82253058_3059.png,"['82253058', 'LORILLARD', 'TO:', 'FROM:', 'DATE:', 'AUG', 'SEPT', 'OCT', 'NOV', 'MANUFACTURER', 'BRAND:', 'X', '12/', '10/', '36', '09:', '51', '', '317', '8450977', '', '001/', '002', 'COMPETITIVE', 'PRODUCT', 'INTRODUCTION', 'PROGRESS', 'REPORT', 'MRS.', 'K.', 'A.', 'SPARROW', 'R.', 'J.', 'Reynolds', 'Camel', 'Menthol', 'Full', 'Flavor', 'Box', 'and', 'Light', 'Box', 'TYPE', 'OF', 'PACKINGS:', 'R.', 'G.', 'Ryan', '12/', '10/', '96', 'REPORTING', 'PERIODS:', '(Forward', 'by', 'the', '10th', 'of', 'the', 'following', 'month.)', 'TEST', 'MARKET', 'GEOGRAPHY', 'All', 'of', 'Region', '7.', 'PRICE', 'POINT:', 'FULL', '$', '11.89', 'P/', 'V', '$', '(Indicate', ""Distributor's"", 'Cost', 'Per', 'Carton)', 'Merchandising', 'the', 'top', 'tray', 'of', 'permanent', 'counter', 'displays', 'and', 'labeling', 'carton', 'fixtures', 'in', 'the', 'Camel', 'section.', 'Also', 'placing', 'metal', 'signs', 'and', 'temporary', 'counter', 'displays.', 'SALES', 'FORCE', 'INVOLVEMENT:', 'DISTRIBUTORS', '-', 'ACCEPTANCE/', 'INTRO', 'TERMS/', 'INTRO', 'DEALS:', 'Product', 'is', 'being', 'introduced', 'to', 'all', 'Direct:', 'Accounts', 'in', 'the', 'Region.', 'Acceptance', 'is', 'spotty', 'at', 'this', 'time.', 'DISTRIBUTOR', 'INVOLVEMENT:', 'Assembly', 'of', 'promotional', 'products', 'and', 'shipment', 'to', 'retail', 'Indianapolis', 'Direct', 'Accounts', 'are', 'reported', 'to', 'be', 'receiving', 'B1G1F', 'product.', 'CHAINS', '-', 'ACCEPTANCE/', 'MERCHANDISING', 'ALLOWANCE', 'Chain', 'acceptance', 'has', 'been', 'very', 'good.', 'INDEPENDENTS', '-', 'ACCEPTANCE/', 'MERCHANDISING', 'ALLOWANCE', 'Acceptance', 'is', 'better', 'at', 'high', 'volume', 'locations', 'than', 'at', 'lower', 'volume', 'retail', 'calls.', 'CAMEL', 'WK1/', 'FMT', 'PAGE', '1', 'OF', '2']"
https://raw.githubusercontent.com/mogith-pn/Assests/refs/heads/main/testing_data/images/83443897.png,"['DATE:', 'COMPANY:', 'PHONE:', 'FROM:', 'PHONE:', 'MESSAGE:', 'YES', 'NO', '2', 'X', '83443897', 'JAN', '11', ""'99"", '16:', '29', 'FR', '8220', 'TO', '3212128557HC02N', 'P.', '01', 'DICKSTEIN', 'SHAPIRO', 'MORING', 'OSHINSKY', '', 'FAX', 'TRANSMISSION', 'January', '11,', '1999', 'L8557', '002', 'Dewey', 'Tedder', 'Lorillard', 'Tobacco', 'Company', '336/', '373-', '6917', '336/', '373-', '6750', 'Andy', 'Zausner', 'and', 'Rob', 'Mangas', '202/', '828-', '2259', 'and', '202/', '828', '2241', 'CLIENT', 'NO.:', 'MESSAGE', 'TO:', 'FAX', 'NUMBER:', 'PAGES', '(including', 'Cover', 'Sheet):', 'HARD', 'COPY', 'TO', 'FOLLOW', 'JAN', '1', '2', '1999', 'The', 'following', 'is', 'for', 'your', 'review', 'If', 'your', 'receipt', 'of', 'this', 'transmission', 'is', 'in', 'error,', 'please', 'notify', 'this', 'firm', 'immediately', 'by', 'collect', 'call', 'to', 'our', 'Facsimile', 'Department', 'at', '202-', '861-', '9106,', 'and', 'send', 'the', 'original', 'transmission', 'to', 'us', 'by', 'return', 'mail', 'at', 'the', 'address', 'below.', 'This', 'transmission', 'is', 'intended', 'for the', 'sole', 'use', 'of', 'the', 'individual', 'and', 'entity', 'to', 'whom', 'it', 'is', 'addressed,', 'and', 'may', 'contain', 'information', 'that', 'is', 'privileged,', 'confidential', 'and', 'exempt', 'from', 'disclosure', 'under', 'applicable', 'law.', 'You', 'are', 'hereby', 'notified', 'that', 'any', 'dissemination,', 'distribution', 'or', 'duplication', 'of', 'this', 'transmission', 'by', 'someone', 'other', 'than', 'the', 'intended', 'addressee', 'or', 'its', 'designated', 'agent', 'is', 'strictly', 'prohibited.', '2101', 'L', 'Street', 'NW', 'Washington,', 'DC', '20037-', '1526', 'Tel', '202-', '785', '9700', 'Fax', '202-', '887', '0689']"
https://raw.githubusercontent.com/mogith-pn/Assests/refs/heads/main/testing_data/images/83553333_3334.png,"['Sender', 'Date', 'To', 'Reference', 'November', '12,', '1999', '6', 'Message:', '8355333', '11/', '12/', '99', '19:', '32', 'FAA', '212', '450', '4800', 'DPW', '1048', '', 'UUZ/', 'DUS', 'DAVIS', 'POLK', '&', 'WARDWELL', 'Fax', 'Transmittal', '450', 'Lexington', 'Avenue', 'New', 'York,', 'NY', '10017', '212-', '450-', '4000', 'Charles', 'Duggan', 'Number', 'of', 'Pages', '(this', 'page', 'included)', 'Sender', 'Voice', 'Number', 'If', 'problems', 'receiving', 'this', 'fax,', 'call', '212-', '450-', '4785', '212-', '450-', '4785', 'Sender', 'Fax', 'Number', '212-', '450-', '3785', '17555', '002', 'Fax', 'Number', 'Company', 'Recipient', 'Phone', 'Number', 'Thomas', 'M.', 'Sobol', '617-', '439-', '3278', 'Brown', 'Rudnick', 'Freed', '&', 'Gesmer', '617-', '330-', '9000', '843-', '720', '9000', 'Ness,', 'Motley,', 'Loadholt,', 'Richardson', '&', 'Poole', '843-', '720-', '9290', 'Joseph', 'F.', 'Rice', 'Robert', 'V.', 'Costello', 'Jeffrey', 'D.', 'Woolf', '617-', '722-', '0286', '415-', '956-', '1008', 'Richard', 'M.', 'Heimann', 'Michael', 'P.', 'Thornton', '617-', '720-', '2445', 'Thomton,', 'Early', '&', 'Naumes', '617-', '720-', '1333', '415-', '956-', '1000', '617-', '227-', '7500', 'Schneider,', 'Reilly,', 'Zabin', '&', 'Costello', 'Lieff,', 'Cabraser', '&', 'Heimann', 'Confidentiality', 'Note', 'This', '', '', '', 'only', 'for', 'the', 'person', 'or', 'entity', '', '', '', '', '', '', 'may', '', '', 'besi', '', 'pavilegedal', '', 'of', 'otherwis', 'protected', 'from', 'disclosos.', 'Disscnlation,', 'distribution', '', 'popying', 'of', 'the', 'facile', '', 'the', 'information', 'herein', 'by', 'anyone', 'other', 'than', 'the', '', 'poupil,', '', '', 'waployee', '', '', 'responsible', 'for', 'delivering', 'the', 'message', '', 'the', '', '', '', 'prohibited.', '', 'You', '', '', 'thisfacsimile', 'in', 'error', 'please', 'notify', 'as', 'immediately', 'by', 'telephone', 'and', 'return', 'the', 'facsimile', 'by', 'mail.']"
https://raw.githubusercontent.com/mogith-pn/Assests/refs/heads/main/testing_data/images/87137840.png,"['DATE:', 'DATES:', 'BROKEN', 'LEAKED', 'GOOD', 'T07281A', 'Lorillard', '012590', 'One', 'B220', '', '', '87137840', 'TEST', 'ARTICLE', 'RECEIPT', 'TA', '#:', ""SPONSOR'S"", 'NAME:', 'TEST', 'ARTICLE', 'IDENTIFICATION:', 'LOT', '#:', 'CONDITION', 'OF', 'SHIPMENT:', 'SHIPPED', 'VIA', 'Direct', 'Exress', 'Clear', 'brown', 'liquid', 'PHYSICAL', 'DESCRIPTION:', 'NO.', 'OF', 'CONTAINERS:', 'GROSS', 'WEIGHT', 'Not', 'provided', 'NET', 'WEIGHT', '(if', 'provided):', '100', 'g', 'Not', 'provided', 'EXPIRATION', 'DATE:', 'SPECIAL', 'HANDLING', 'REQUIREMENTS:', 'Store', 'refrigerated', 'in', 'dark.', 'RECEIVED', 'BY:', '03', '/01', '/90', 'STUDY', 'DIRECTOR', '/DEPARTMENT', 'Ray', 'David', 'SIGATURE', 'OF', 'DEPARTMENT', 'CONSIGNEE:', '03', '/02', '/90']"
